track_id,class,direction,avg_speed_kmh,max_speed_kmh,frame_count
1,car,East,8.5,11.6,128
2,car,North,1.1,11.0,1126
3,car,North,1.4,13.3,1168
4,car,West,1.1,15.9,2379
5,car,North,1.5,8.8,875
6,car,North,1.6,8.9,954
7,car,East,14.6,32.7,122
8,car,East,7.0,12.5,195
9,car,North,1.1,12.0,1090
10,car,East,9.5,12.3,111
11,car,South,15.7,34.0,53
12,car,North,2.2,18.4,1189
13,car,South,0.7,10.6,1439
14,car,East,5.6,8.7,185
15,car,North,0.2,0.7,572
16,car,South,0.4,6.3,604
17,car,South,0.1,1.0,222
18,car,South,0.2,0.8,369
19,car,South,16.2,18.1,5
20,car,South,9.9,18.7,197
21,car,East,10.2,12.5,115
22,car,East,17.2,22.3,113
23,car,East,6.4,9.8,8
24,car,South,0,0.0,1
26,car,unknown,0,0.0,0
25,car,East,8.0,11.5,257
27,truck,East,5.9,7.1,13
28,car,East,12.5,13.7,3
29,car,West,1.2,21.7,2240
30,car,unknown,0,0.0,0
31,car,unknown,0,0.0,0
32,car,North,10.1,17.6,33
33,car,West,40.2,40.2,2
34,car,unknown,0,0.0,0
35,car,East,8.7,11.8,220
36,car,East,12.9,17.5,146
37,car,unknown,0,0.0,0
38,truck,South,9.4,10.6,10
39,car,South,13.4,16.8,6
40,car,East,12.9,18.1,171
41,car,East,6.2,11.8,22
42,car,South,12.4,13.0,5
43,car,East,9.1,11.0,195
44,car,unknown,0,0.0,0
45,car,unknown,0,0.0,0
46,truck,unknown,0,0.0,0
47,car,East,13.4,18.0,162
48,car,South,0.0,0.1,131
49,car,West,0,0.0,1
50,car,South,11.0,11.4,3
51,car,West,0.1,0.2,12
52,car,East,9.9,11.6,209
53,car,West,0.1,0.1,6
54,car,South,0.6,1.0,5
55,car,unknown,0,0.0,0
56,car,unknown,0,0.0,0
57,car,unknown,0,0.0,0
58,car,West,0.2,0.3,8
59,car,East,0.4,2.2,30
60,car,East,12.6,17.3,168
61,car,West,0.4,0.4,2
62,car,West,0.1,0.3,9
63,car,unknown,0,0.0,0
64,car,unknown,0,0.0,0
65,car,South,8.7,10.0,12
66,car,West,0.1,0.1,16
67,car,unknown,0,0.0,0
68,car,West,0.4,0.4,2
69,car,West,0.1,0.3,9
70,car,West,0.0,0.2,36
71,car,East,6.7,16.9,223
72,car,East,0.9,10.1,2257
73,car,South,0.3,4.0,34
74,car,South,11.6,26.1,107
75,car,South,4.4,11.8,244
76,car,South,48.7,77.1,4
77,car,unknown,0,0.0,0
78,car,South,1.2,7.9,464
79,car,unknown,0,0.0,0
80,car,East,1.0,11.0,2038
81,car,East,0.7,15.5,3077
82,car,South,0.1,0.2,158
83,car,North,5.8,9.4,271
84,truck,unknown,0,0.0,0
85,car,South,0.2,1.1,134
86,car,North,15.2,20.8,4
87,car,South,0.8,6.4,77
88,car,North,5.8,11.6,199
89,car,West,1.9,31.9,1440
90,car,North,9.6,20.6,291
91,car,East,1.6,6.9,331
92,car,North,8.9,13.8,197
93,car,unknown,0,0.0,0
94,car,unknown,0,0.0,0
95,car,East,9.3,12.2,110
96,car,East,1.1,11.1,1686
97,car,South,0.0,1.3,1178
98,car,South,0.0,0.1,39
99,car,East,0.6,4.1,264
100,car,North,9.2,13.2,207
101,car,North,11.0,14.8,165
102,car,North,10.4,13.5,198
103,car,unknown,0,0.0,0
104,car,South,0.1,0.5,14
105,car,unknown,0,0.0,0
106,car,West,2.2,21.5,1237
107,car,North,9.3,19.6,106
108,car,South,7.2,16.9,224
109,car,West,9.1,15.0,6
110,car,unknown,0,0.0,0
111,car,South,0.2,0.3,9
112,car,North,9.6,13.6,6
113,car,unknown,0,0.0,0
114,car,North,13.0,20.3,218
115,car,unknown,0,0.0,0
116,car,unknown,0,0.0,0
117,car,West,2.0,15.6,1022
118,car,unknown,0,0.0,0
119,car,North,9.7,13.4,3
120,car,unknown,0,0.0,0
121,car,South,0.6,11.9,698
122,car,North,13.6,15.5,98
123,car,South,10.1,25.5,166
124,car,South,8.7,17.4,136
125,car,South,0.3,0.3,2
126,car,North,13.9,15.2,136
127,car,unknown,0,0.0,0
128,car,West,20.1,23.1,66
129,car,West,2.3,16.7,1079
130,car,unknown,0,0.0,0
131,car,North,9.2,14.7,19
132,car,unknown,0,0.0,0
133,car,unknown,0,0.0,0
134,car,South,11.6,89.2,149
135,car,South,7.9,28.5,158
136,car,South,4.8,5.2,3
137,car,North,9.4,9.4,2
138,car,North,12.5,17.1,176
139,car,North,15.1,18.5,111
140,car,South,7.7,22.2,180
141,car,North,1.1,10.7,431
142,car,South,9.7,105.8,134
143,car,unknown,0,0.0,0
144,car,unknown,0,0.0,0
145,car,South,19.5,49.1,127
146,car,South,11.8,39.6,92
147,car,South,9.4,24.8,158
148,car,North,13.5,21.8,152
149,car,North,14.8,19.8,94
150,car,unknown,0,0.0,0
151,car,North,13.1,19.1,205
152,car,West,6.6,6.6,2
153,car,North,10.5,12.5,5
154,car,North,15.3,18.0,87
155,car,South,10.0,33.2,135
156,car,North,14.9,16.4,127
157,car,East,15.3,21.6,14
158,car,South,10.0,31.9,205
159,car,North,12.6,15.2,125
160,truck,unknown,0,0.0,0
161,car,North,15.9,21.6,120
162,car,unknown,0,0.0,0
163,truck,unknown,0,0.0,0
164,truck,unknown,0,0.0,0
165,car,unknown,0,0.0,0
166,car,North,0.6,10.2,2711
167,car,North,11.1,16.7,210
168,car,unknown,0,0.0,0
169,car,North,16.3,36.9,117
170,car,West,9.5,17.1,191
171,car,East,0.1,0.5,125
172,car,East,0.4,4.4,1724
173,car,South,16.4,47.9,132
174,car,East,6.5,7.8,24
175,truck,unknown,0,0.0,0
176,car,North,0.8,9.9,2762
177,car,East,0.1,0.1,3
178,car,South,15.1,59.0,158
179,car,North,14.2,19.4,165
180,car,South,24.8,29.2,4
181,car,South,13.1,39.9,132
182,car,East,0.4,1.7,66
183,car,North,0.5,8.3,2685
184,car,South,5.6,5.6,2
185,car,unknown,0,0.0,0
186,car,West,0,0.0,1
187,car,South,10.9,38.8,156
188,car,North,0.8,0.9,4
189,car,South,3.9,10.9,203
190,car,unknown,0,0.0,0
191,car,South,20.7,70.5,72
192,car,North,0.4,2.4,11
193,car,East,0.1,0.4,149
194,car,West,13.8,14.1,8
195,car,North,19.5,19.8,3
196,car,East,1.0,13.6,1760
197,car,East,3.0,10.6,746
198,car,North,0.9,12.8,2502
199,car,unknown,0,0.0,0
200,car,West,11.0,21.9,239
201,truck,unknown,0,0.0,0
202,car,South,15.3,34.8,48
203,car,West,12.5,23.8,214
204,car,South,0,0.0,1
205,car,West,13.3,20.4,164
206,car,South,0.4,7.9,2724
207,car,West,12.1,24.8,226
208,car,South,0.1,0.4,25
209,car,South,0.0,0.1,73
210,car,West,9.9,12.7,17
211,car,West,14.2,18.6,156
212,car,West,12.8,26.9,201
213,car,unknown,0,0.0,0
214,car,unknown,0,0.0,0
215,car,unknown,0,0.0,0
216,car,West,14.5,30.4,189
217,car,unknown,0,0.0,0
218,car,South,0.0,0.1,304
219,car,West,13.9,29.5,205
220,car,North,0.9,11.6,2504
221,car,North,0.1,0.1,9
222,car,West,14.5,32.2,201
223,car,East,15.5,17.9,8
225,car,East,4.0,6.5,256
224,car,unknown,0,0.0,0
226,car,unknown,0,0.0,0
227,car,West,16.2,30.0,174
228,car,North,0.1,0.1,2
229,car,East,5.2,7.4,276
230,car,unknown,0,0.0,0
231,car,East,16.5,27.6,45
232,car,North,0.2,0.4,3
233,car,North,0,0.0,1
234,car,unknown,0,0.0,0
235,car,North,0.3,0.4,8
236,car,East,19.0,24.8,121
237,car,North,1.4,18.8,1833
238,car,North,0,0.0,1
239,car,West,16.4,23.6,123
240,car,West,7.0,58.5,374
241,car,South,0.0,1.5,587
242,car,West,13.2,13.5,4
243,car,East,11.8,14.1,3
244,car,South,0.8,10.8,1865
245,car,East,16.4,19.6,115
246,car,West,11.5,12.0,3
247,car,South,3.4,3.4,2
248,truck,unknown,0,0.0,0
249,car,West,29.4,31.5,57
250,car,East,10.8,16.1,210
251,car,South,15.7,15.7,2
252,car,East,10.0,13.4,5
253,car,East,9.0,12.3,145
254,car,East,16.7,22.5,133
255,car,unknown,0,0.0,0
256,car,East,8.0,8.8,3
257,car,East,3.5,7.1,91
258,car,East,16.9,35.1,134
259,car,East,13.7,31.1,157
260,car,East,9.2,13.2,172
261,car,unknown,0,0.0,0
262,car,South,0.1,0.4,9
263,car,East,9.4,12.1,172
264,car,unknown,0,0.0,0
265,car,East,9.7,17.4,208
266,car,East,1.1,1.5,4
267,car,unknown,0,0.0,0
268,car,unknown,0,0.0,0
269,car,South,11.1,37.9,176
270,car,South,0.0,0.3,219
271,car,East,12.4,16.1,160
272,car,East,12.3,16.7,172
273,car,East,13.1,18.5,173
274,car,unknown,0,0.0,0
275,car,South,25.6,30.6,5
276,car,South,0.4,2.2,21
277,car,East,13.9,22.1,145
278,car,East,14.2,14.4,3
279,car,South,10.2,44.7,195
280,car,unknown,0,0.0,0
281,car,East,0.8,2.3,14
282,truck,unknown,0,0.0,0
283,car,West,14.9,17.0,8
284,car,West,1.1,13.2,1684
285,car,unknown,0,0.0,0
286,car,unknown,0,0.0,0
287,car,South,1.3,16.1,120
288,car,West,0,0.0,1
289,car,East,0,0.0,1
290,car,West,1.5,16.3,1842
291,car,East,16.1,26.5,124
292,car,South,9.8,12.3,5
293,car,East,6.7,13.9,265
294,car,South,10.8,10.8,2
295,car,West,0,0.0,1
296,car,North,3.8,13.0,618
297,car,South,4.8,11.7,244
298,car,unknown,0,0.0,0
299,car,South,0.0,0.2,60
300,car,West,1.7,14.5,1631
301,car,North,3.4,3.4,2
302,car,South,5.7,13.1,215
303,car,South,3.2,13.0,549
304,car,South,0.1,0.2,162
305,car,unknown,0,0.0,0
306,car,West,5.5,5.5,3
307,car,unknown,0,0.0,0
308,car,unknown,0,0.0,0
309,car,South,3.4,10.3,145
310,car,unknown,0,0.0,0
311,car,West,1.9,18.9,1500
312,car,West,5.8,6.6,21
313,car,unknown,0,0.0,0
314,car,West,1.8,20.3,1474
315,car,North,5.2,19.1,38
316,car,East,10.8,13.8,8
317,car,unknown,0,0.0,0
318,car,unknown,0,0.0,0
319,car,West,1.7,15.7,1360
320,car,unknown,0,0.0,0
321,car,East,9.8,13.0,97
322,car,West,0.5,1.2,12
323,truck,North,8.4,11.8,180
324,car,South,0.0,1.4,1819
325,car,South,3.6,15.0,340
326,car,North,12.0,15.6,20
327,car,South,3.3,7.0,9
328,car,South,4.8,18.7,98
329,car,North,4.8,5.4,26
330,car,unknown,0,0.0,0
331,car,South,9.8,11.8,3
332,car,East,0,0.0,1
333,car,North,10.4,11.9,133
334,car,East,10.8,11.9,8
335,car,unknown,0,0.0,0
336,car,West,1.9,17.1,1251
337,car,East,8.2,9.6,100
338,car,South,5.7,8.3,76
339,truck,East,12.2,13.4,22
340,car,North,12.0,24.8,194
341,car,South,11.4,11.4,2
342,car,North,11.6,13.4,151
343,car,West,0.0,0.1,17
344,car,North,13.4,22.1,147
345,car,East,10.6,12.1,83
346,car,North,11.5,16.9,205
347,car,unknown,0,0.0,0
348,car,South,9.2,19.4,128
349,truck,North,12.3,12.3,2
350,car,North,10.7,16.0,268
351,bus,South,7.3,7.3,2
352,bus,unknown,0,0.0,0
353,car,East,10.2,13.7,122
354,car,South,11.0,15.8,25
355,car,East,10.0,11.8,83
356,car,North,9.8,13.6,198
357,car,South,8.8,22.9,169
358,car,unknown,0,0.0,0
359,car,South,9.4,24.4,159
360,car,North,17.7,17.7,2
361,car,South,12.9,57.1,129
362,car,unknown,0,0.0,0
363,car,unknown,0,0.0,0
364,car,West,0.0,0.3,42
365,car,South,0,0.0,1
366,car,West,1.9,3.0,7
367,car,unknown,0,0.0,0
368,car,unknown,0,0.0,0
369,car,South,7.0,21.9,201
370,car,unknown,0,0.0,0
371,car,unknown,0,0.0,0
372,car,unknown,0,0.0,0
373,car,West,0.3,1.2,126
374,car,South,13.8,45.8,81
375,car,North,13.9,15.3,11
376,car,unknown,0,0.0,0
377,car,East,5.5,11.5,305
378,car,South,8.9,41.4,219
379,truck,North,12.5,19.5,18
380,car,West,5.7,21.9,474
381,car,North,6.5,17.8,301
382,car,North,0,0.0,1
383,car,South,5.4,13.9,236
384,car,South,0.1,3.3,2255
385,car,South,30.0,36.5,34
386,car,West,6.5,16.5,297
387,car,West,5.1,9.2,177
388,car,East,0.3,1.1,50
389,car,South,2.9,3.2,10
390,car,unknown,0,0.0,0
391,car,East,8.3,8.4,3
392,car,unknown,0,0.0,0
393,car,South,1.2,19.8,909
394,car,West,7.5,8.1,4
395,car,unknown,0,0.0,0
396,car,unknown,0,0.0,0
397,car,West,11.5,18.3,198
398,car,West,0,0.0,1
399,car,unknown,0,0.0,0
400,car,South,0.3,1.5,46
401,car,West,13.9,23.5,169
402,car,West,11.2,23.0,237
403,car,West,10.2,20.0,233
404,car,South,0.9,16.7,2139
405,car,East,0.1,0.4,50
406,car,West,5.9,5.9,2
407,car,West,6.3,15.7,340
408,car,West,11.7,24.9,193
409,car,West,12.0,20.2,184
410,car,East,14.9,17.2,20
411,car,North,10.2,18.1,284
412,car,unknown,0,0.0,0
413,car,North,0,0.0,1
414,car,West,6.5,20.3,430
415,car,West,13.5,27.7,210
416,car,West,10.3,21.7,227
417,car,unknown,0,0.0,0
418,car,West,14.3,29.0,196
420,truck,unknown,0,0.0,0
419,car,South,3.6,5.0,32
421,truck,East,14.7,17.1,72
422,car,unknown,0,0.0,0
423,car,unknown,0,0.0,0
424,car,West,6.4,21.9,447
425,car,West,15.6,32.1,179
426,car,West,8.4,9.1,4
427,car,unknown,0,0.0,0
428,car,East,0.1,0.4,65
429,car,West,10.1,11.7,6
430,car,unknown,0,0.0,0
431,car,West,15.1,33.4,188
432,car,West,15.5,16.3,4
433,car,North,0,0.0,1
434,car,unknown,0,0.0,0
435,car,West,10.5,27.5,247
436,car,West,15.0,30.6,183
437,car,unknown,0,0.0,0
438,car,unknown,0,0.0,0
439,car,unknown,0,0.0,0
440,car,East,2.5,2.5,2
441,car,South,0.3,3.1,55
442,car,unknown,0,0.0,0
443,car,West,4.0,12.5,511
444,car,West,20.0,38.3,142
445,car,unknown,0,0.0,0
446,car,East,2.1,19.3,944
447,car,East,14.6,14.6,2
448,car,unknown,0,0.0,0
449,car,East,10.2,14.5,180
450,car,East,0.4,1.2,11
452,truck,East,10.6,11.6,4
451,car,unknown,0,0.0,0
453,truck,East,8.6,9.2,6
454,car,East,2.8,4.1,10
455,truck,East,8.7,12.5,14
456,car,West,6.9,8.9,19
457,car,East,8.4,20.5,174
458,car,unknown,0,0.0,0
459,car,East,18.0,22.5,12
460,truck,East,2.6,3.8,29
461,truck,East,0.5,1.3,74
462,car,East,7.6,11.2,14
463,car,East,14.9,24.3,133
464,car,unknown,0,0.0,0
465,car,unknown,0,0.0,0
466,car,unknown,0,0.0,0
467,car,North,6.3,6.3,2
469,truck,East,0.4,2.8,70
468,car,unknown,0,0.0,0
470,car,East,2.7,12.3,753
471,car,East,9.9,26.5,128
472,car,South,0,0.0,1
473,car,East,0.1,0.3,307
474,car,South,4.5,14.5,176
475,car,unknown,0,0.0,0
476,car,East,10.7,14.8,97
477,car,unknown,0,0.0,0
478,car,South,0.8,8.5,1271
479,car,unknown,0,0.0,0
480,car,South,15.4,23.4,7
481,car,South,3.9,17.4,72
482,car,North,9.3,10.0,3
483,car,North,9.4,20.1,289
484,car,unknown,0,0.0,0
485,car,South,7.0,9.0,3
486,car,East,10.3,12.2,116
487,car,South,0.3,2.4,808
488,car,South,0.1,0.2,7
490,car,South,6.6,11.4,5
489,car,South,0.1,0.1,11
491,car,unknown,0,0.0,0
492,car,South,0.0,0.0,63
494,car,East,11.2,16.8,206
493,truck,East,0.2,0.5,35
495,motorcycle,unknown,0,0.0,0
496,car,East,12.5,15.7,11
497,car,East,0.3,1.8,88
498,car,South,0.0,0.1,31
499,car,East,12.4,17.5,174
500,car,unknown,0,0.0,0
501,truck,East,0.3,0.5,5
502,car,East,10.3,14.7,14
503,truck,East,4.8,6.6,36
504,car,South,0.0,0.1,24
505,car,unknown,0,0.0,0
506,car,East,15.3,21.1,115
507,truck,East,8.1,9.3,9
508,car,East,4.9,4.9,2
509,bus,South,18.7,22.0,14
510,car,East,7.4,8.8,72
511,truck,East,19.1,27.6,24
512,truck,East,15.3,17.8,16
513,car,South,0.2,1.0,29
514,car,unknown,0,0.0,0
515,car,unknown,0,0.0,0
516,car,East,8.2,13.6,198
517,truck,East,14.7,23.5,115
518,car,North,2.6,14.4,980
519,car,East,6.4,48.4,14
520,car,South,0.2,0.2,2
521,car,South,0.0,0.2,185
522,car,East,9.6,11.6,146
523,car,South,0.4,1.0,4
524,car,South,0.1,0.1,4
526,car,East,15.9,27.5,139
525,car,North,5.5,6.2,15
527,car,unknown,0,0.0,0
528,car,East,0.6,1.2,16
529,car,unknown,0,0.0,0
530,car,East,11.0,17.4,178
531,car,unknown,0,0.0,0
532,car,North,3.3,3.3,2
533,car,South,14.2,14.2,2
534,bus,West,0,0.0,1
535,car,North,2.3,11.6,186
536,car,South,17.7,17.7,2
537,car,South,0,0.0,1
538,car,unknown,0,0.0,0
539,truck,North,1.5,2.0,23
540,car,South,11.3,16.5,15
541,car,East,13.0,18.8,148
542,truck,North,0.3,0.5,35
543,car,unknown,0,0.0,0
544,truck,North,0.1,0.7,42
545,car,East,13.3,18.8,164
546,car,South,9.9,10.6,5
547,car,North,1.9,3.2,12
548,car,East,0.6,0.9,4
549,car,East,11.5,16.9,195
551,car,West,0,0.0,1
550,car,East,17.5,17.5,2
552,car,South,0.0,0.0,31
553,car,East,13.2,17.7,160
554,car,North,0.1,0.2,9
555,car,East,12.3,16.8,156
556,car,North,0.1,0.5,19
557,car,South,0.0,0.0,2
558,car,South,0,0.0,1
559,car,East,13.0,18.3,139
560,truck,North,0.3,0.3,2
561,car,West,32.6,34.8,6
562,car,North,0.1,0.3,25
563,car,East,15.4,16.8,98
564,car,North,2.6,13.8,876
565,car,East,18.6,21.7,61
566,car,West,12.9,21.4,159
567,car,unknown,0,0.0,0
568,car,unknown,0,0.0,0
569,truck,North,0.3,0.9,10
570,car,South,0.0,0.0,31
571,car,East,1.6,10.9,693
572,car,North,0.1,0.6,104
573,car,North,1.7,13.1,493
574,car,South,0.0,1.6,1964
575,truck,East,13.7,24.3,99
576,car,unknown,0,0.0,0
577,car,East,1.6,8.7,625
578,car,West,27.2,30.3,43
579,car,West,1.8,17.4,1540
580,car,West,0,0.0,1
581,car,South,3.4,8.4,291
582,car,unknown,0,0.0,0
583,car,North,0.6,1.2,19
584,car,South,0,0.0,1
585,truck,East,0,0.0,1
586,car,unknown,0,0.0,0
587,car,East,3.5,6.2,19
588,car,West,2.0,15.0,1434
589,car,South,6.9,13.4,43
590,car,South,4.3,10.9,262
591,truck,North,0.1,0.2,3
592,car,South,6.1,12.7,184
593,car,West,2.0,20.9,1389
594,car,West,1.9,19.4,1406
595,car,East,0.5,5.3,570
596,car,South,5.0,12.1,233
597,car,West,13.0,13.0,2
598,car,unknown,0,0.0,0
599,car,North,0.1,0.1,12
600,car,West,1.9,14.4,1255
601,car,North,0.5,0.9,12
602,car,South,8.8,19.7,126
603,car,West,0.6,2.9,197
604,car,unknown,0,0.0,0
605,truck,North,1.1,1.9,19
606,car,South,0,0.0,1
607,car,North,0.5,0.9,8
608,car,South,9.3,23.5,181
609,car,North,2.0,6.3,72
610,car,East,0.5,8.1,1210
611,car,South,24.8,28.4,60
612,car,South,12.5,29.7,221
613,car,West,0,0.0,1
614,truck,West,8.1,9.7,30
615,car,unknown,0,0.0,0
616,car,unknown,0,0.0,0
617,car,West,0,0.0,1
618,car,unknown,0,0.0,0
620,car,South,5.9,15.8,215
619,car,North,3.0,8.2,361
621,car,West,0.0,0.0,31
622,car,North,1.6,2.4,11
623,car,North,10.4,11.1,75
624,car,unknown,0,0.0,0
625,car,West,13.6,14.4,17
626,car,South,29.4,47.3,41
627,truck,West,14.6,14.8,3
628,car,North,11.5,12.8,14
629,car,unknown,0,0.0,0
630,car,North,5.1,5.2,3
631,car,North,12.1,19.8,133
632,car,West,0,0.0,1
633,car,West,0,0.0,1
634,car,West,0.1,0.4,264
635,car,North,4.1,7.2,227
636,car,North,5.0,9.9,259
637,car,unknown,0,0.0,0
638,car,East,0.3,7.2,1339
639,truck,North,8.8,12.9,171
640,truck,West,16.3,18.3,7
641,car,South,11.2,26.6,102
642,car,North,6.7,10.7,225
643,car,West,0.1,0.2,13
644,truck,North,0,0.0,1
645,bus,North,5.5,9.2,4
646,car,unknown,0,0.0,0
647,car,North,10.7,14.0,172
648,bus,North,8.1,8.1,2
649,truck,unknown,0,0.0,0
650,car,North,8.3,12.0,216
651,truck,unknown,0,0.0,0
652,car,unknown,0,0.0,0
653,car,North,13.8,15.6,88
654,car,West,0.2,0.4,4
655,car,West,0.0,0.1,15
656,car,South,7.3,9.3,17
657,car,North,7.0,10.8,40
658,car,North,9.7,15.4,79
659,car,East,11.0,12.0,3
660,truck,unknown,0,0.0,0
661,car,North,18.0,24.3,11
662,car,unknown,0,0.0,0
665,car,unknown,0,0.0,0
663,car,East,9.0,9.0,2
664,car,West,2.9,15.0,702
667,car,unknown,0,0.0,0
668,car,East,0.1,0.3,560
666,car,North,3.3,9.0,316
669,car,North,0,0.0,1
670,car,unknown,0,0.0,0
671,car,North,12.2,13.9,47
672,car,South,29.3,31.8,15
673,car,East,10.2,12.4,41
674,car,North,10.4,15.0,25
675,car,unknown,0,0.0,0
676,car,West,0.0,0.1,14
677,car,unknown,0,0.0,0
678,truck,North,17.3,19.6,39
679,car,South,11.7,32.4,86
680,car,North,13.1,17.5,129
681,car,South,6.0,6.0,2
682,car,East,2.3,7.6,145
683,car,unknown,0,0.0,0
684,car,North,3.0,8.8,8
685,car,unknown,0,0.0,0
686,car,East,0.1,0.2,3
687,car,East,0.1,0.3,10
688,car,North,14.8,19.6,4
689,car,North,4.6,9.0,16
690,car,West,0.0,0.1,12
691,car,South,6.0,16.2,194
692,car,North,5.1,9.0,181
693,car,West,5.2,25.2,496
694,car,West,0.0,0.0,2
695,car,East,0,0.0,1
696,truck,unknown,0,0.0,0
697,car,West,0,0.0,1
698,car,South,14.0,41.6,122
699,car,West,15.3,16.0,7
700,car,West,6.6,17.9,382
701,car,West,9.9,25.1,282
702,car,North,0.9,13.6,2696
703,car,unknown,0,0.0,0
704,car,North,16.9,16.9,2
705,car,South,0.6,11.7,2846
706,car,unknown,0,0.0,0
707,car,East,0.2,0.4,31
708,car,West,0,0.0,1
709,car,North,13.7,21.8,190
711,car,West,12.3,24.5,216
710,car,South,0.2,0.2,3
712,car,West,12.4,27.9,225
713,car,West,10.4,19.5,204
714,car,North,16.1,20.4,7
715,car,unknown,0,0.0,0
716,car,East,1.0,12.8,1458
717,car,unknown,0,0.0,0
718,car,unknown,0,0.0,0
719,car,unknown,0,0.0,0
720,car,South,0,0.0,1
721,car,West,13.9,31.1,180
722,car,South,0,0.0,1
723,car,West,12.1,30.3,240
724,car,South,0,0.0,1
725,car,East,0.5,4.8,372
726,car,unknown,0,0.0,0
727,car,unknown,0,0.0,0
728,car,West,15.3,30.5,176
729,car,West,14.0,32.8,209
730,truck,unknown,0,0.0,0
731,car,unknown,0,0.0,0
732,car,unknown,0,0.0,0
733,car,West,15.2,31.6,183
734,car,West,7.0,7.0,2
735,car,East,15.1,18.3,19
736,car,West,20.3,30.7,115
737,car,West,15.8,32.7,173
738,car,East,8.3,17.2,50
739,car,West,29.0,30.0,10
740,car,West,23.0,33.3,72
741,car,East,0,0.0,1
742,truck,unknown,0,0.0,0
743,car,West,22.7,31.8,83
744,car,East,1.3,7.8,308
745,car,East,0,0.0,1
746,car,unknown,0,0.0,0
747,car,East,17.3,18.3,62
748,car,North,0,0.0,1
749,car,West,11.9,15.0,9
750,car,North,0.5,10.6,1759
751,car,West,20.0,38.6,132
752,truck,West,16.4,31.7,147
753,car,unknown,0,0.0,0
754,motorcycle,unknown,0,0.0,0
755,car,West,21.9,28.8,96
756,car,West,28.7,39.7,83
757,bus,unknown,0,0.0,0
758,bus,unknown,0,0.0,0
759,car,East,4.6,6.8,277
760,car,West,9.9,13.3,23
761,car,West,21.3,23.3,82
762,car,North,10.3,13.8,110
766,car,East,17.4,22.5,32
763,car,East,4.0,5.1,5
764,car,West,2.4,10.5,1079
765,truck,East,14.9,16.0,73
767,car,East,13.6,20.4,129
768,car,unknown,0,0.0,0
769,car,East,0.9,1.4,53
770,car,South,0,0.0,1
771,car,unknown,0,0.0,0
772,car,East,5.8,9.1,124
773,car,East,6.6,10.7,320
774,car,unknown,0,0.0,0
775,car,West,16.7,35.0,167
776,car,South,8.1,102.1,162
777,car,unknown,0,0.0,0
778,car,West,17.2,22.1,131
779,car,North,1.4,40.6,1726
780,car,unknown,0,0.0,0
781,car,unknown,0,0.0,0
783,car,West,14.8,31.0,187
782,car,South,0,0.0,1
784,car,South,6.4,11.9,160
785,car,East,2.4,13.3,980
786,car,East,6.6,8.0,171
787,car,East,0.4,3.2,76
788,car,North,0,0.0,1
789,car,unknown,0,0.0,0
790,car,East,5.6,8.0,287
791,car,North,0,0.0,1
792,car,unknown,0,0.0,0
793,car,East,0.5,1.0,19
794,car,East,5.6,10.6,310
795,car,unknown,0,0.0,0
796,car,South,0.0,0.0,99
797,car,East,2.2,12.6,685
798,car,unknown,0,0.0,0
799,car,North,4.8,5.7,4
800,car,East,8.6,11.6,248
801,car,East,4.3,6.8,6
802,car,East,8.0,16.8,157
803,car,East,3.9,6.2,3
804,car,East,13.7,49.1,153
805,car,East,4.0,5.7,6
806,car,South,1.2,42.0,1231
807,car,West,9.3,11.0,8
808,car,unknown,0,0.0,0
809,car,South,1.3,16.2,1386
810,car,West,2.0,23.7,566
811,car,South,0.0,1.1,1042
812,car,West,0.1,0.1,23
813,car,South,1.8,4.4,35
814,car,unknown,0,0.0,0
815,truck,East,14.4,22.8,142
816,bus,East,20.8,21.3,3
817,car,unknown,0,0.0,0
818,car,West,0.3,0.4,4
819,truck,East,17.4,20.6,12
820,car,South,1.2,9.5,926
821,car,West,2.3,10.2,936
822,truck,South,26.7,73.0,9
823,car,West,1.4,10.9,578
824,car,East,7.4,13.9,222
825,car,unknown,0,0.0,0
826,car,South,0.1,0.4,22
827,car,unknown,0,0.0,0
828,car,South,17.3,19.0,4
830,car,East,7.0,8.2,9
829,car,East,8.4,12.3,244
831,car,South,11.1,14.5,15
832,car,East,8.5,12.2,221
833,car,South,0.1,0.1,2
834,car,South,0.0,0.0,5
835,car,South,0,0.0,1
836,car,East,9.2,15.2,241
837,car,East,0,0.0,1
838,car,East,15.7,21.1,135
839,truck,South,24.9,48.6,3
840,car,East,14.6,22.6,158
841,car,South,40.8,40.8,2
842,car,South,8.2,11.0,4
843,car,South,10.8,10.8,2
844,car,South,13.9,20.9,12
845,car,unknown,0,0.0,0
846,car,unknown,0,0.0,0
847,car,East,0,0.0,1
848,car,East,0.9,16.2,2261
849,car,East,9.2,10.5,6
850,car,South,7.0,14.4,14
851,car,East,0.8,15.3,2289
852,car,South,0.2,0.2,5
853,car,unknown,0,0.0,0
854,car,West,0,0.0,1
855,car,East,5.9,5.9,3
856,car,unknown,0,0.0,0
857,car,South,0.4,0.4,2
858,car,unknown,0,0.0,0
859,car,East,10.2,11.5,115
860,car,West,1.7,15.1,1653
861,car,unknown,0,0.0,0
862,car,South,1.8,5.7,89
863,car,East,1.0,10.1,2346
864,car,unknown,0,0.0,0
865,car,North,4.3,11.9,134
866,car,unknown,0,0.0,0
867,car,East,9.7,9.7,2
868,car,unknown,0,0.0,0
869,car,unknown,0,0.0,0
870,car,West,1.4,2.7,65
871,car,North,1.9,15.5,1294
872,car,West,0,0.0,1
873,car,unknown,0,0.0,0
874,car,East,12.1,15.2,90
875,car,East,7.9,7.9,2
876,car,East,1.8,2.9,32
877,car,West,1.9,22.5,1459
878,car,unknown,0,0.0,0
879,truck,South,6.8,20.4,13
880,car,North,6.8,11.3,212
881,car,West,2.1,15.8,1344
882,car,unknown,0,0.0,0
883,car,North,12.6,16.5,184
884,car,North,8.3,13.1,211
885,car,North,6.5,17.7,425
886,car,South,0,0.0,1
887,car,unknown,0,0.0,0
888,car,South,6.5,15.6,192
889,truck,South,6.5,8.5,31
890,car,South,8.2,11.1,6
891,car,North,7.5,20.0,327
893,car,unknown,0,0.0,0
892,truck,unknown,0,0.0,0
894,car,West,4.7,5.7,42
895,car,unknown,0,0.0,0
896,car,East,0.2,1.0,1010
897,car,West,2.2,18.3,1192
898,car,North,17.6,19.5,102
899,car,North,3.2,6.5,5
900,truck,North,0.5,1.2,6
901,car,unknown,0,0.0,0
902,truck,North,2.9,4.8,5
903,car,unknown,0,0.0,0
904,car,North,10.5,15.8,168
905,truck,North,11.7,11.7,2
906,car,South,14.9,42.4,94
907,car,South,0.0,1.1,95
908,car,unknown,0,0.0,0
909,truck,North,0,0.0,1
910,car,South,0,0.0,1
911,car,West,2.7,17.4,869
912,car,West,0,0.0,1
913,car,East,0.1,0.2,49
914,car,North,25.1,25.1,2
915,car,North,15.0,15.0,2
916,car,South,13.5,42.4,142
917,car,unknown,0,0.0,0
918,car,West,0,0.0,1
919,car,East,1.2,21.7,1258
920,car,South,0.0,1.1,494
921,car,East,1.1,6.2,247
922,car,South,16.1,25.8,52
923,car,North,21.9,35.4,116
924,car,East,7.7,12.2,115
925,car,West,5.0,13.4,490
926,car,East,7.9,20.6,26
927,car,South,0.2,4.4,1205
928,car,West,7.3,7.5,3
929,car,West,7.1,13.6,341
930,car,West,9.3,17.0,212
931,car,South,0.6,10.1,2030
932,car,West,13.5,15.2,7
933,car,West,9.3,22.3,281
934,car,unknown,0,0.0,0
935,car,unknown,0,0.0,0
936,car,unknown,0,0.0,0
937,car,West,11.0,17.9,230
938,car,unknown,0,0.0,0
939,car,West,11.4,16.4,136
940,car,South,0.2,1.1,165
941,car,East,8.3,13.4,5
942,car,West,11.2,23.7,240
943,car,East,14.3,16.0,3
944,car,East,7.5,10.9,12
945,car,West,11.7,24.9,233
946,car,East,1.4,13.5,1418
947,car,unknown,0,0.0,0
948,car,East,9.4,15.5,5
949,car,unknown,0,0.0,0
950,car,West,9.8,9.8,2
951,car,West,16.1,26.5,160
952,car,unknown,0,0.0,0
953,car,West,12.4,18.7,147
954,truck,unknown,0,0.0,0
955,car,North,1.0,15.4,2447
956,car,West,13.9,28.2,192
957,car,unknown,0,0.0,0
958,car,West,13.5,26.2,204
959,car,East,2.0,8.8,239
960,car,South,5.6,5.6,2
961,truck,West,27.1,28.2,12
962,car,West,15.5,32.7,176
963,car,West,13.3,28.1,210
964,car,West,15.3,33.3,182
965,car,South,0.8,13.7,1692
966,car,South,1.0,6.3,77
967,car,unknown,0,0.0,0
968,car,West,13.6,29.7,210
969,car,unknown,0,0.0,0
970,car,East,4.4,6.7,284
971,car,East,2.4,2.7,13
972,car,East,7.7,14.0,8
973,car,West,26.9,51.5,114
974,car,West,0,0.0,1
975,car,East,7.6,11.7,164
976,car,East,21.0,29.3,6
977,car,unknown,0,0.0,0
978,car,South,0.1,0.1,3
979,car,unknown,0,0.0,0
981,car,East,8.4,11.6,168
980,car,East,9.7,18.0,172
982,car,East,1.2,3.3,112
983,car,East,9.9,12.9,154
984,truck,unknown,0,0.0,0
985,car,East,8.3,11.0,141
986,car,unknown,0,0.0,0
987,car,East,7.0,7.0,2
988,car,West,17.6,19.8,8
989,car,South,0,0.0,1
990,truck,West,18.7,39.9,114
991,car,unknown,0,0.0,0
992,car,East,8.9,11.5,101
993,car,East,9.5,11.5,99
994,truck,West,33.9,43.3,46
995,car,East,8.2,9.5,53
996,car,West,23.0,35.3,51
997,truck,West,29.7,29.7,2
998,car,East,2.9,12.3,558
999,car,East,17.4,27.1,5
1000,car,East,8.8,11.9,3
1004,car,West,28.6,29.9,22
1003,car,unknown,0,0.0,0
1001,car,unknown,0,0.0,0
1002,car,unknown,0,0.0,0
1005,car,East,11.4,15.3,102
1006,car,East,12.7,14.8,22
1007,car,West,17.0,21.2,15
1008,car,West,25.1,25.6,17
1009,car,East,11.8,12.0,3
1011,car,West,28.9,35.0,60
1010,car,West,28.9,42.1,82
1012,car,East,18.7,21.7,53
1013,car,West,24.3,34.2,27
1015,car,West,22.9,24.8,26
1014,car,West,25.6,29.1,68
1016,car,West,29.3,36.4,23
1017,car,East,12.7,39.5,82
1018,car,East,9.0,13.5,130
1019,car,East,10.5,15.2,4
1020,car,East,11.2,18.0,161
1021,car,West,26.3,28.5,64
1022,car,West,26.7,39.0,20
1023,car,East,16.7,22.6,57
1024,car,West,22.0,22.9,18
1025,car,East,0.6,3.7,506
1026,car,East,10.9,38.3,180
1027,car,West,21.1,21.1,2
1028,car,South,19.5,22.6,4
1030,car,North,12.3,14.8,7
1029,car,East,8.6,10.9,4
1031,car,East,13.4,26.9,137
1032,car,South,4.7,13.5,75
1033,car,South,4.2,8.6,8
1034,car,unknown,0,0.0,0
1035,car,East,9.0,11.5,111
1036,car,East,6.1,8.9,10
1037,car,East,13.3,18.2,147
1038,car,East,11.0,11.2,3
1039,car,East,8.5,10.1,6
1040,car,East,1.9,3.9,29
1041,car,South,0.0,0.2,25
1042,car,unknown,0,0.0,0
1043,car,East,12.9,18.3,173
1044,car,North,6.9,14.1,150
1045,car,East,7.9,12.8,237
1046,car,North,6.4,13.3,145
1047,car,South,0.1,0.6,149
1048,car,unknown,0,0.0,0
1049,car,East,0.3,0.8,13
1050,car,unknown,0,0.0,0
1051,car,West,15.2,16.2,83
1052,car,South,1.5,2.5,4
1053,car,South,0,0.0,1
1054,car,North,4.8,6.6,4
1055,car,North,3.9,11.4,189
1056,car,South,0,0.0,1
1057,car,South,0,0.0,1
1058,car,South,0,0.0,1
1059,car,South,0.5,0.7,10
1060,car,South,0,0.0,1
1061,car,South,0,0.0,1
1062,car,North,1.9,6.5,137
1063,car,North,2.6,12.8,786
1064,car,North,3.0,29.3,745
1065,car,North,0.4,2.7,81
1066,car,South,14.7,37.7,57
1067,car,unknown,0,0.0,0
1068,car,South,3.6,7.7,255
1069,car,North,2.3,13.3,828
1070,car,West,15.0,17.2,75
1071,car,South,10.5,17.3,175
1072,car,East,10.6,11.3,82
1073,car,unknown,0,0.0,0
1074,car,South,0,0.0,1
1075,car,unknown,0,0.0,0
1076,car,South,4.7,10.3,232
1077,car,South,13.8,31.4,60
1078,car,South,8.0,30.6,153
1079,car,North,10.0,12.9,8
1080,car,North,0.1,0.6,169
1081,car,South,5.0,11.8,233
1082,car,South,13.7,20.6,6
1083,car,North,12.7,13.7,34
1084,car,South,10.2,31.2,174
1085,car,South,7.7,16.0,169
1087,car,East,2.1,9.2,264
1086,car,unknown,0,0.0,0
1088,car,South,0.0,0.2,53
1089,car,South,5.3,12.2,220
1090,car,West,1.8,15.7,1475
1091,truck,unknown,0,0.0,0
1092,truck,unknown,0,0.0,0
1093,car,West,0,0.0,1
1094,car,East,1.5,13.0,1395
1095,car,unknown,0,0.0,0
1096,car,unknown,0,0.0,0
1097,truck,West,0,0.0,1
1098,car,East,1.2,7.1,1448
1099,truck,North,1.7,2.5,4
1100,car,East,3.3,8.0,90
1101,truck,North,1.2,1.9,30
1102,car,unknown,0,0.0,0
1104,car,West,2.0,21.7,1416
1103,truck,East,0.2,0.8,23
1105,car,North,3.8,11.9,537
1106,car,East,0.4,8.6,1137
1107,car,South,12.7,45.2,93
1108,car,North,11.1,12.2,6
1109,car,South,6.2,9.1,5
1110,car,East,0.8,9.4,625
1111,car,unknown,0,0.0,0
1112,car,East,12.1,15.6,49
1113,car,South,17.9,41.0,82
1114,car,South,22.3,45.9,30
1115,car,unknown,0,0.0,0
1116,car,unknown,0,0.0,0
1117,car,unknown,0,0.0,0
1118,car,South,7.7,15.5,149
1119,car,North,8.1,13.9,186
1120,car,North,19.6,22.9,13
1121,car,South,18.7,26.2,46
1122,car,South,0.1,1.6,92
1123,car,North,9.4,15.9,190
1124,car,East,9.6,11.2,119
1125,car,North,0,0.0,1
1126,car,South,19.4,61.7,135
1127,car,North,10.5,13.1,187
1128,car,North,11.1,14.6,210
1129,car,unknown,0,0.0,0
1130,car,East,9.1,12.1,16
1131,truck,unknown,0,0.0,0
1132,truck,North,8.0,8.9,29
1133,car,unknown,0,0.0,0
1134,car,North,13.2,16.4,134
1135,car,South,0.1,1.6,93
1136,car,unknown,0,0.0,0
1137,car,East,12.4,20.5,30
1138,car,East,13.1,14.3,106
1139,car,unknown,0,0.0,0
1140,car,South,31.1,44.8,18
1141,car,East,5.0,11.3,8
1142,car,unknown,0,0.0,0
1143,car,North,14.5,16.7,146
1144,car,unknown,0,0.0,0
1145,car,North,14.7,17.7,158
1146,car,North,17.9,22.8,26
1147,car,West,7.8,8.9,67
1148,car,unknown,0,0.0,0
1149,car,East,0.1,0.5,117
1150,car,South,0.0,1.0,563
1151,car,East,5.6,8.3,55
1152,car,unknown,0,0.0,0
1153,car,unknown,0,0.0,0
1154,car,unknown,0,0.0,0
1155,car,West,4.2,20.1,661
1156,car,North,16.1,17.8,109
1157,truck,unknown,0,0.0,0
1158,car,unknown,0,0.0,0
1159,car,South,19.0,44.9,62
1161,car,unknown,0,0.0,0
1160,car,North,6.9,8.2,4
1162,car,South,15.6,15.9,3
1163,car,unknown,0,0.0,0
1164,car,North,16.7,19.5,119
1165,car,North,11.2,16.1,49
1166,car,East,3.5,5.0,42
1167,truck,East,0.1,0.4,26
1168,car,West,19.0,20.9,70
1169,car,unknown,0,0.0,0
1170,car,North,16.4,18.5,138
1171,car,South,17.4,17.4,2
1172,car,North,14.6,20.7,155
1173,car,South,0,0.0,1
1174,car,South,12.5,31.2,168
1175,car,South,14.3,50.4,89
1177,car,South,29.8,29.8,2
1176,car,unknown,0,0.0,0
1178,car,North,9.8,11.2,24
1179,car,unknown,0,0.0,0
1180,car,North,16.5,18.6,53
1181,truck,North,15.2,19.3,47
1182,car,West,3.8,10.2,625
1183,car,North,9.3,13.6,4
1184,car,East,2.9,4.7,9
1185,car,North,17.1,36.6,139
1186,car,North,21.1,33.6,95
1187,truck,North,17.6,29.0,64
1188,car,North,16.0,16.9,7
1189,car,unknown,0,0.0,0
1190,car,West,1.7,2.3,3
1191,car,North,0.8,11.0,2204
1192,car,unknown,0,0.0,0
1193,car,South,0.8,26.4,716
1194,car,unknown,0,0.0,0
1195,car,North,2.2,12.1,439
1196,car,East,2.4,5.4,110
1197,truck,East,5.0,6.4,20
1198,car,East,0.3,3.4,378
1199,car,West,12.7,26.0,202
1200,car,South,1.3,29.0,669
1201,car,unknown,0,0.0,0
1202,car,East,7.7,9.5,184
1203,car,West,3.0,3.0,2
1204,car,unknown,0,0.0,0
1205,truck,unknown,0,0.0,0
1206,car,East,5.0,8.0,259
1207,car,South,16.0,17.4,24
1208,car,East,7.7,12.9,237
1209,car,North,6.0,8.0,5
1210,car,South,1.1,23.6,656
1211,car,East,5.3,7.8,143
1212,car,South,0.2,0.9,21
1213,car,unknown,0,0.0,0
1214,car,East,6.1,7.6,223
1215,truck,West,23.0,25.6,29
1216,car,West,8.5,10.6,43
1217,car,unknown,0,0.0,0
1218,car,unknown,0,0.0,0
1219,car,unknown,0,0.0,0
1220,car,East,1.5,14.0,1244
1221,car,East,0.2,0.7,263
1222,car,East,12.1,14.4,5
1223,car,West,13.3,26.8,198
1224,car,West,13.7,30.9,12
1225,car,South,0.2,1.3,21
1226,car,West,0,0.0,1
1227,car,West,25.6,28.1,45
1228,car,West,3.2,13.2,572
1229,car,unknown,0,0.0,0
1230,car,West,3.8,11.6,609
1231,car,South,2.7,4.0,55
1232,car,unknown,0,0.0,0
1233,car,East,1.8,14.2,1341
1234,car,West,15.7,29.4,174
1235,car,North,1.1,21.8,1917
1236,car,unknown,0,0.0,0
1237,car,South,0.3,3.1,1377
1238,car,unknown,0,0.0,0
1239,car,West,15.0,28.6,192
1240,car,West,0,0.0,1
1241,car,North,1.2,13.8,1788
1242,car,East,9.4,10.4,3
1243,car,unknown,0,0.0,0
1244,car,South,0.1,0.6,55
1245,car,East,14.6,19.2,133
1246,truck,unknown,0,0.0,0
1247,car,unknown,0,0.0,0
1248,car,West,15.4,32.2,180
1249,car,North,10.2,11.3,29
1250,car,South,0.1,0.3,29
1251,car,East,12.1,15.8,5
1252,car,East,15.2,24.4,124
1253,car,unknown,0,0.0,0
1254,car,unknown,0,0.0,0
1255,car,West,15.8,48.3,184
1256,car,East,15.7,27.0,135
1257,car,unknown,0,0.0,0
1258,car,unknown,0,0.0,0
1259,car,West,16.9,32.9,163
1260,car,South,0.0,0.1,4
1261,car,West,0.6,0.8,5
1262,car,East,1.7,13.3,861
1263,car,West,0.8,1.4,15
1264,truck,unknown,0,0.0,0
1265,car,North,5.0,10.0,6
1266,car,East,15.0,20.5,130
1267,car,South,0.3,5.8,2088
1268,car,South,5.4,5.4,2
1269,car,North,0.8,6.5,493
1270,car,South,0.7,0.7,2
1271,car,unknown,0,0.0,0
1272,car,North,0.7,3.8,350
1273,car,East,10.0,13.6,108
1274,car,West,6.7,8.5,17
1275,truck,unknown,0,0.0,0
1276,car,East,0,0.0,1
1277,car,unknown,0,0.0,0
1278,car,South,1.6,4.7,138
1279,car,unknown,0,0.0,0
1280,car,West,24.3,45.8,121
1281,car,South,0,0.0,1
1282,car,East,0.2,0.8,58
1283,car,North,12.3,15.8,6
1284,car,East,11.4,16.5,96
1285,car,East,4.2,4.8,4
1286,car,East,12.6,24.0,165
1287,car,North,0.2,1.9,689
1288,car,East,17.1,18.6,26
1289,car,unknown,0,0.0,0
1290,car,East,0.2,1.4,50
1291,car,South,7.4,34.4,117
1292,car,East,17.6,23.6,136
1293,car,unknown,0,0.0,0
1294,car,West,23.1,46.3,129
1295,car,East,0,0.0,1
1296,car,East,19.3,29.2,100
1297,car,South,0.9,2.3,17
1298,car,South,0.8,0.9,4
1299,car,East,16.8,22.0,127
1300,car,unknown,0,0.0,0
1301,car,East,0.2,0.5,51
1302,car,East,10.9,13.4,57
1303,car,South,0,0.0,1
1304,car,South,0.2,0.2,4
1305,car,East,7.8,14.6,170
1306,car,unknown,0,0.0,0
1307,car,South,6.3,24.0,142
1308,car,North,0.1,0.5,34
1309,car,South,0.4,3.0,394
1312,car,West,10.4,12.2,20
1310,car,South,1.9,1.9,2
1311,car,South,0.6,0.6,2
1313,car,North,0.8,2.3,63
1314,car,unknown,0,0.0,0
1315,car,East,8.3,11.0,125
1316,car,West,8.3,9.3,26
1317,car,East,0,0.0,1
1318,car,East,0,0.0,1
1319,car,South,0.2,1.7,43
1320,car,East,10.0,37.0,191
1321,car,East,9.4,12.6,220
1322,car,North,0.2,1.6,35
1323,car,unknown,0,0.0,0
1324,car,East,8.7,12.6,243
1325,car,East,12.5,17.3,179
1326,car,East,0.2,0.5,24
1327,car,South,0,0.0,1
1328,car,East,32.9,46.3,4
1329,car,East,12.7,17.0,150
1330,car,East,9.7,24.6,208
1331,car,unknown,0,0.0,0
1332,car,East,12.3,17.1,189
1333,car,East,13.4,18.3,154
1334,car,North,0.9,7.1,262
1335,car,East,11.4,16.0,179
1337,car,East,12.9,19.2,146
1336,car,East,0.9,1.7,12
1338,car,South,0.2,1.7,45
1339,car,South,13.2,17.4,10
1340,car,South,8.4,23.7,260
1341,car,East,11.5,16.7,202
1342,car,unknown,0,0.0,0
1343,car,East,15.1,18.7,140
1344,car,West,1.3,16.0,1936
1345,car,East,16.2,27.3,111
1346,car,unknown,0,0.0,0
1347,car,South,8.8,11.2,16
1348,car,East,0.3,1.2,16
1349,car,unknown,0,0.0,0
1350,car,South,1.7,16.9,592
1351,car,South,1.3,11.7,820
1352,car,South,0.2,2.7,592
1353,car,South,7.6,18.2,9
1354,car,unknown,0,0.0,0
1355,car,South,10.0,46.8,108
1356,car,unknown,0,0.0,0
1357,car,South,0,0.0,1
1358,car,West,1.5,13.3,1798
1359,car,South,0.4,0.4,2
1360,car,North,4.9,9.8,350
1361,car,North,10.9,12.6,96
1362,car,North,5.7,42.3,26
1363,car,North,11.6,17.4,170
1364,car,South,6.0,7.0,7
1365,truck,North,10.0,11.0,7
1366,car,North,9.8,13.8,177
1368,car,South,0.1,1.3,220
1367,car,North,12.1,18.4,189
1369,car,unknown,0,0.0,0
1370,car,North,11.8,15.6,139
1371,car,unknown,0,0.0,0
1372,car,unknown,0,0.0,0
1373,car,unknown,0,0.0,0
1374,car,North,5.9,9.8,247
1375,car,West,1.8,16.8,1602
1376,car,South,0.1,0.2,3
1377,car,South,0.3,0.4,3
1378,car,South,0.3,0.5,4
1379,car,South,1.1,4.1,169
1380,car,North,13.5,18.8,154
1381,car,North,13.4,16.3,132
1382,car,North,5.9,10.0,280
1383,car,North,11.2,14.5,144
1384,car,West,0,0.0,1
1385,car,East,0.5,2.1,26
1386,car,North,14.0,16.4,148
1387,truck,unknown,0,0.0,0
1388,car,North,12.7,18.4,199
1389,car,North,10.3,16.5,79
1390,car,North,13.3,15.7,162
1391,car,South,12.9,13.0,3
1392,car,North,13.7,19.1,120
1393,car,North,14.2,16.4,157
1394,car,unknown,0,0.0,0
1395,car,North,15.1,16.5,3
1396,car,unknown,0,0.0,0
1397,car,East,8.8,11.9,117
1398,car,unknown,0,0.0,0
1399,truck,West,12.4,14.0,19
1400,car,unknown,0,0.0,0
1401,car,West,2.1,16.0,1327
1402,car,East,10.4,11.2,4
1403,car,East,0.1,0.2,17
1404,car,South,0.0,0.8,91
1405,car,North,15.3,16.9,112
1406,car,South,4.2,7.4,148
1407,truck,South,5.1,5.7,4
1408,truck,West,20.0,20.8,4
1409,truck,West,19.4,22.1,7
1410,truck,unknown,0,0.0,0
1411,car,unknown,0,0.0,0
1412,car,unknown,0,0.0,0
1413,car,North,16.2,19.5,124
1414,car,unknown,0,0.0,0
1415,car,South,2.8,12.0,313
1416,car,South,6.8,18.3,285
1417,car,unknown,0,0.0,0
1418,car,unknown,0,0.0,0
1419,car,unknown,0,0.0,0
1420,car,South,0.0,1.2,1039
1421,car,North,15.7,19.5,85
1422,car,West,1.6,5.4,28
1423,truck,East,8.5,9.7,13
1424,car,North,13.2,19.6,228
1425,car,East,10.7,12.3,42
1426,car,North,14.6,17.9,158
1427,truck,North,16.3,18.0,71
1428,car,South,11.2,16.8,3
1429,car,West,2.1,14.4,1199
1430,car,unknown,0,0.0,0
1431,car,unknown,0,0.0,0
1432,car,East,16.5,22.5,5
1433,car,North,11.5,13.1,14
1434,car,South,6.1,16.3,222
1435,car,North,14.1,16.3,151
1436,car,unknown,0,0.0,0
1437,car,unknown,0,0.0,0
1438,car,West,0.1,0.4,31
1439,car,South,11.7,26.0,119
1440,car,South,9.4,20.4,109
1441,car,North,11.8,13.1,53
1442,car,North,17.2,22.5,96
1443,car,South,4.1,12.0,130
1444,car,North,21.6,27.4,103
1445,car,unknown,0,0.0,0
1446,car,South,9.8,30.0,143
1447,car,South,8.4,23.8,175
1448,car,unknown,0,0.0,0
1449,car,West,3.2,19.7,887
1450,car,South,10.3,28.2,167
1451,car,East,1.7,14.1,1272
1452,car,South,10.6,22.6,126
1453,car,North,0,0.0,1
1454,car,unknown,0,0.0,0
1455,car,unknown,0,0.0,0
1456,car,South,11.3,25.0,116
1457,car,South,13.0,44.6,129
1458,truck,North,23.2,34.0,109
1459,car,East,0.5,0.5,2
1460,car,West,0.1,0.7,219
1461,car,North,14.5,22.5,8
1462,car,North,22.1,22.5,3
1463,car,South,22.4,22.9,3
1464,car,West,0.2,0.5,124
1465,car,unknown,0,0.0,0
1466,car,North,20.6,23.6,59
1467,truck,North,19.4,22.6,4
1468,car,North,22.4,29.8,42
1469,car,North,6.9,19.6,418
1470,car,South,1.3,16.4,796
1471,car,West,10.6,15.6,71
1472,car,West,0,0.0,1
1473,car,West,0,0.0,1
1474,car,West,0,0.0,1
1475,car,South,1.4,8.8,58
1476,car,West,9.4,22.9,267
1477,truck,West,1.9,2.6,4
1478,car,West,10.1,20.9,274
1479,car,West,13.7,13.7,2
1480,car,West,8.0,15.0,303
1481,car,unknown,0,0.0,0
1482,car,West,23.2,23.2,2
1483,car,unknown,0,0.0,0
1484,car,East,0.0,0.1,6
1485,car,West,14.5,24.0,150
1486,truck,West,17.5,22.8,4
1488,car,East,4.0,13.4,541
1487,car,West,0,0.0,1
1489,car,East,0.1,0.1,3
1490,car,unknown,0,0.0,0
1491,truck,West,21.2,22.5,3
1492,car,West,15.3,15.6,4
1493,car,West,12.5,27.7,219
1494,truck,unknown,0,0.0,0
1495,car,unknown,0,0.0,0
1496,car,East,0.5,0.5,3
1497,car,unknown,0,0.0,0
1498,car,West,15.9,18.5,7
1499,car,West,11.4,12.5,8
1500,truck,unknown,0,0.0,0
1501,truck,unknown,0,0.0,0
1502,truck,unknown,0,0.0,0
1503,truck,West,15.5,16.0,3
1504,truck,unknown,0,0.0,0
1505,car,unknown,0,0.0,0
1506,car,West,14.4,14.7,4
1507,car,unknown,0,0.0,0
1508,truck,unknown,0,0.0,0
1509,truck,West,9.6,11.4,4
1510,car,West,15.5,29.7,176
1511,car,West,14.5,18.9,154
1512,car,South,1.0,10.6,1922
1513,car,unknown,0,0.0,0
1514,car,unknown,0,0.0,0
1515,car,unknown,0,0.0,0
1516,car,unknown,0,0.0,0
1517,truck,unknown,0,0.0,0
1518,car,West,20.1,32.0,127
1519,car,unknown,0,0.0,0
1520,truck,unknown,0,0.0,0
1521,car,West,20.5,28.4,93
1522,car,unknown,0,0.0,0
1523,car,East,14.3,16.1,9
1524,car,East,0.2,0.6,21
1525,car,East,0,0.0,1
1526,car,South,17.1,28.4,15
1528,car,unknown,0,0.0,0
1527,car,North,9.1,10.8,7
1529,car,West,16.7,23.8,45
1530,car,West,20.2,30.8,58
1531,car,East,14.8,25.9,36
1532,car,unknown,0,0.0,0
1533,car,unknown,0,0.0,0
1534,car,West,17.8,46.9,169
1535,car,East,16.1,18.2,80
1536,car,East,16.5,20.0,76
1538,car,West,11.6,32.2,156
1537,car,East,17.9,23.6,49
1539,car,West,17.2,21.4,122
1540,car,South,0.2,2.7,435
1541,car,West,15.6,20.8,131
1542,car,unknown,0,0.0,0
1543,car,unknown,0,0.0,0
1544,car,East,2.8,3.8,12
1545,car,East,0.2,0.4,17
1546,car,unknown,0,0.0,0
1547,car,West,17.4,22.6,116
1548,car,East,9.7,13.8,190
1549,car,unknown,0,0.0,0
1550,car,South,0,0.0,1
1551,car,North,10.0,17.0,38
1552,truck,East,11.2,19.4,200
1553,car,West,23.7,25.5,4
1554,car,South,1.7,4.3,8
1555,car,unknown,0,0.0,0
1556,car,East,10.4,11.9,99
1557,truck,West,0,0.0,1
1558,car,unknown,0,0.0,0
1559,car,South,5.0,10.2,135
1560,car,unknown,0,0.0,0
1561,car,East,13.0,19.7,180
1562,car,East,19.0,19.4,3
1563,car,East,11.1,16.5,167
1564,car,North,0.1,2.7,425
1565,car,South,0.3,1.6,31
1566,car,South,0,0.0,1
1567,truck,East,14.0,19.2,159
1568,car,East,3.3,34.1,683
1569,truck,West,28.4,33.6,6
1570,truck,West,16.7,20.6,18
1571,car,South,4.2,12.4,113
1572,car,unknown,0,0.0,0
1573,car,East,13.9,19.4,156
1574,car,East,12.0,14.8,105
1575,car,South,0.4,1.6,35
1576,car,East,13.6,18.7,165
1577,car,unknown,0,0.0,0
1578,car,East,15.7,21.6,144
1579,car,East,0,0.0,1
1580,car,West,19.7,39.1,147
1581,car,unknown,0,0.0,0
1582,car,unknown,0,0.0,0
1583,car,South,6.3,8.6,93
1584,car,South,0.4,4.6,116
1585,car,East,8.8,11.0,88
1586,car,unknown,0,0.0,0
1587,car,unknown,0,0.0,0
1588,car,South,0.2,1.6,161
1589,car,unknown,0,0.0,0
1590,car,East,17.8,18.8,13
1591,car,South,3.0,6.4,18
1592,car,South,1.9,3.9,81
1593,car,South,2.7,6.6,182
1594,car,East,11.1,12.4,32
1595,car,unknown,0,0.0,0
1596,car,South,6.5,9.6,164
1597,car,unknown,0,0.0,0
1598,car,South,0.3,3.0,221
1599,car,unknown,0,0.0,0
1600,car,unknown,0,0.0,0
1601,car,East,8.6,10.7,130
1602,car,East,18.0,24.5,116
1603,car,West,1.2,15.2,2339
1604,car,South,0.4,0.9,45
1605,car,East,3.8,3.8,2
1606,car,North,0.0,0.2,89
1607,car,unknown,0,0.0,0
1608,car,West,0.9,10.7,1946
1609,car,East,11.3,13.9,176
1610,car,unknown,0,0.0,0
1611,car,East,0,0.0,1
1612,car,unknown,0,0.0,0
1613,car,South,0.1,0.1,3
1614,car,West,0.9,13.3,2112
1615,car,unknown,0,0.0,0
1616,car,East,0.2,0.7,35
1617,car,West,14.6,18.2,19
1618,car,South,0.2,0.8,173
1619,car,South,0.1,0.3,88
1620,truck,West,10.2,11.2,7
1621,car,South,16.5,25.8,59
1622,car,unknown,0,0.0,0
1623,truck,West,16.1,16.1,2
1624,car,South,0.2,1.8,12
1625,truck,East,6.8,24.1,313
1627,car,unknown,0,0.0,0
1626,car,West,3.9,4.6,8
1628,car,unknown,0,0.0,0
1629,car,West,0.1,0.7,114
1630,car,unknown,0,0.0,0
1631,car,South,11.1,11.1,2
1632,car,North,1.5,12.1,868
1633,car,East,13.1,22.0,156
1634,car,unknown,0,0.0,0
1635,car,East,8.2,10.5,127
1636,car,West,0.9,14.5,1844
1637,car,unknown,0,0.0,0
1638,car,East,4.5,11.1,10
1639,car,East,12.2,23.1,146
1640,car,East,13.7,26.9,165
1641,car,South,9.9,18.7,182
1642,car,South,8.5,32.1,40
1643,car,South,0,0.0,1
1644,truck,North,7.3,7.4,3
1645,car,South,8.1,14.5,13
1646,car,unknown,0,0.0,0
1647,truck,West,0.1,0.1,19
1648,car,South,0.1,0.9,12
1649,truck,West,0.6,1.2,5
1650,car,East,6.4,6.5,3
1651,car,East,13.4,38.6,160
1653,car,West,0.3,0.9,13
1652,car,South,2.3,9.8,588
1654,car,unknown,0,0.0,0
1655,car,East,0,0.0,1
1656,car,East,0.4,13.3,2802
1657,car,West,0.0,0.1,78
1658,car,East,16.2,21.0,117
1659,car,South,0.5,2.8,41
1660,car,unknown,0,0.0,0
1661,car,East,4.9,8.6,49
1663,car,unknown,0,0.0,0
1662,car,East,0.5,14.5,1718
1664,car,East,1.0,26.1,2264
1665,car,West,0.1,0.3,22
1666,car,unknown,0,0.0,0
1667,car,South,0.1,0.2,14
1668,car,East,0.9,11.1,2258
1669,car,West,0.1,0.2,89
1670,car,South,0.1,0.2,12
1671,car,East,0,0.0,1
1672,car,South,0.3,0.6,14
1673,car,South,0,0.0,1
1674,car,South,1.9,4.8,26
1675,car,West,1.6,20.3,1746
1676,car,South,4.1,5.6,17
1677,car,North,5.3,5.3,2
1678,car,South,0.0,1.9,1018
1679,car,South,3.7,4.6,29
1680,car,North,5.4,15.0,128
1681,car,West,0,0.0,1
1682,car,West,1.6,20.5,1710
1683,car,South,3.9,8.6,228
1684,car,West,0.1,0.3,13
1685,car,unknown,0,0.0,0
1686,car,North,9.5,20.1,293
1687,car,West,0,0.0,1
1688,car,South,6.7,12.4,75
1689,car,West,1.4,13.5,1660
1690,car,South,12.1,16.7,14
1691,car,West,0.1,0.1,13
1692,car,unknown,0,0.0,0
1693,car,North,4.8,7.5,16
1694,car,unknown,0,0.0,0
1695,car,unknown,0,0.0,0
1696,truck,West,0.2,1.1,22
1697,car,unknown,0,0.0,0
1698,car,unknown,0,0.0,0
1699,truck,North,12.6,14.2,16
1700,car,unknown,0,0.0,0
1701,truck,West,0.2,0.4,12
1702,car,North,6.2,11.9,201
1703,car,unknown,0,0.0,0
1704,car,West,0.0,0.1,25
1705,car,North,7.2,13.3,92
1706,car,North,10.4,13.7,135
1707,truck,West,0.0,0.1,63
1708,car,West,9.3,21.2,295
1709,car,North,10.4,13.4,165
1710,car,unknown,0,0.0,0
1712,car,West,21.1,24.5,51
1711,car,North,11.6,14.3,102
1713,truck,West,0.3,1.3,15
1714,car,unknown,0,0.0,0
1715,car,North,11.5,13.9,193
1716,truck,West,0.0,0.1,48
1717,car,unknown,0,0.0,0
1718,car,North,12.0,14.4,157
1719,truck,unknown,0,0.0,0
1720,car,West,0.0,0.1,19
1721,truck,West,0.0,0.1,29
1722,car,South,13.8,13.8,2
1723,car,West,0.0,0.1,80
1724,car,North,14.6,35.9,164
1725,car,North,21.0,30.1,81
1726,car,South,31.8,48.4,40
1727,car,unknown,0,0.0,0
1728,truck,West,0,0.0,1
1729,car,North,14.6,17.2,139
1730,car,West,0.0,0.0,10
1731,car,North,16.2,17.9,25
1732,car,unknown,0,0.0,0
1733,truck,West,0.0,0.1,45
1734,car,West,11.0,23.3,224
1735,car,unknown,0,0.0,0
1736,car,North,14.8,16.8,147
1737,car,North,15.3,15.8,6
1738,car,West,0.0,0.3,78
1739,car,North,25.1,25.1,2
1740,car,North,12.7,18.5,209
1741,car,North,15.9,18.0,139
1742,car,East,1.5,7.7,1249
1743,car,South,7.6,7.6,2
1744,car,West,0.1,0.1,3
1745,car,North,17.5,21.4,139
1746,car,North,12.6,19.7,209
1747,truck,West,0.1,0.2,7
1748,car,unknown,0,0.0,0
1749,car,West,0.1,0.8,23
1750,car,North,8.6,10.3,9
1751,car,West,0.1,0.2,11
1752,car,East,1.8,7.9,207
1754,car,West,0.1,0.2,42
1753,car,South,0.0,1.0,810
1755,car,unknown,0,0.0,0
1756,truck,West,0.0,0.4,147
1757,car,East,2.7,11.0,710
1758,car,East,3.0,8.5,6
1759,car,West,2.4,3.8,19
1760,truck,West,2.0,2.7,12
1761,car,West,0,0.0,1
1762,car,East,0.9,1.2,23
1764,car,West,1.0,1.7,8
1763,car,West,8.1,16.4,275
1765,car,unknown,0,0.0,0
1766,truck,West,9.3,10.0,4
1767,car,South,3.2,14.9,203
1768,car,unknown,0,0.0,0
1769,car,unknown,0,0.0,0
1770,car,North,9.6,10.9,100
1771,car,West,17.1,18.4,9
1772,car,South,0.9,6.0,1253
1773,car,unknown,0,0.0,0
1774,car,unknown,0,0.0,0
1775,car,West,11.2,28.4,239
1776,car,unknown,0,0.0,0
1777,car,West,0,0.0,1
1778,car,South,0.3,3.9,680
1779,truck,unknown,0,0.0,0
1780,car,West,13.5,25.4,196
1781,car,unknown,0,0.0,0
1782,car,West,13.0,32.2,222
1783,car,unknown,0,0.0,0
1784,car,unknown,0,0.0,0
1785,car,West,12.7,23.7,212
1786,car,South,1.2,10.7,1156
1787,car,East,0,0.0,1
1788,truck,unknown,0,0.0,0
1789,car,unknown,0,0.0,0
1790,car,West,12.6,26.3,215
1791,car,West,14.9,19.1,145
1792,car,South,3.0,21.2,373
1793,car,North,2.1,11.1,1008
1794,car,West,12.1,15.2,181
1795,car,unknown,0,0.0,0
1796,car,unknown,0,0.0,0
1797,car,South,0.3,2.1,176
1798,car,West,15.4,23.7,42
1799,car,West,16.1,30.4,158
1800,car,unknown,0,0.0,0
1801,car,South,4.2,8.9,8
1802,car,unknown,0,0.0,0
1803,car,West,13.6,30.4,128
1804,car,West,14.9,26.7,185
1805,car,South,0.1,1.5,230
1806,car,South,2.4,6.8,332
1807,car,South,0.8,0.8,2
1808,car,West,17.3,30.9,149
1809,car,South,0.1,0.2,4
1810,car,unknown,0,0.0,0
1811,car,unknown,0,0.0,0
1812,car,West,17.9,28.9,123
1813,car,unknown,0,0.0,0
1814,car,West,15.1,29.5,179
1815,truck,West,0,0.0,1
1816,truck,East,14.7,15.8,7
1817,car,unknown,0,0.0,0
1818,car,West,13.4,29.4,202
1819,car,East,8.3,12.3,209
1820,car,East,1.4,2.6,12
1821,car,West,16.3,22.4,137
1822,truck,West,30.5,34.2,6
1823,car,unknown,0,0.0,0
1824,car,unknown,0,0.0,0
1825,car,unknown,0,0.0,0
1826,truck,East,18.2,23.9,71
1827,truck,unknown,0,0.0,0
1828,car,East,6.5,9.6,238
1829,car,East,9.4,23.0,202
1830,car,East,8.2,11.3,164
1831,car,South,0,0.0,1
1832,car,East,0.4,5.3,439
1833,car,East,7.6,13.8,197
1834,car,East,11.5,16.1,174
1835,car,East,8.8,10.8,120
1836,car,unknown,0,0.0,0
1837,car,South,0.6,1.6,266
1838,car,South,5.5,10.3,157
1839,car,unknown,0,0.0,0
1840,car,South,1.7,14.8,469
1841,car,East,11.8,15.0,60
1842,car,unknown,0,0.0,0
1843,car,unknown,0,0.0,0
1844,car,East,7.7,12.0,209
1845,car,South,0.3,2.5,105
1846,car,East,0.4,2.8,218
1847,car,North,6.4,6.4,2
1848,car,East,10.2,15.2,216
1849,car,South,4.0,6.3,164
1850,car,unknown,0,0.0,0
1851,car,East,0,0.0,1
1852,car,East,10.9,13.6,92
1853,car,East,11.9,13.0,131
1854,car,North,5.1,18.2,456
1855,motorcycle,South,2.0,2.8,3
1856,car,South,0.3,0.3,2
1857,car,East,12.3,12.8,6
1858,car,East,14.9,16.8,46
1859,car,North,2.1,3.9,9
1860,car,South,6.2,13.6,35
1861,car,East,13.2,23.4,14
1862,car,North,0,0.0,1
1863,car,unknown,0,0.0,0
1864,car,West,2.3,16.9,917
1865,car,West,0.1,5.1,723
1866,truck,North,13.0,40.1,160
1867,car,West,2.1,16.2,895
1868,car,West,2.7,25.3,924
1869,car,West,1.7,12.1,897
1870,car,East,0.4,30.9,1022
1871,car,South,16.7,51.0,21
1872,car,South,0.0,0.2,44
1873,car,unknown,0,0.0,0
1874,car,East,0.2,1.3,17
1875,car,South,1.2,2.8,16
1876,truck,West,12.8,13.3,10
1877,car,South,6.1,14.4,203
1878,bus,West,12.4,12.8,3
1879,truck,West,11.4,11.4,2
1880,car,West,16.6,16.6,2
1881,car,West,3.4,13.4,755
1882,car,West,11.1,12.0,8
1883,car,unknown,0,0.0,0
1884,car,unknown,0,0.0,0
1885,car,South,0.0,1.0,647
1886,car,East,0.2,0.8,28
1887,car,East,7.5,10.5,60
1888,car,West,0,0.0,1
1889,car,North,4.8,8.0,13
1890,car,South,2.9,9.4,48
1891,truck,West,4.1,4.1,2
1892,car,unknown,0,0.0,0
1893,car,unknown,0,0.0,0
1895,car,South,9.5,25.4,95
1894,car,South,2.7,10.7,405
1896,car,unknown,0,0.0,0
1897,car,East,0.0,0.2,197
1898,car,North,13.5,14.5,16
1899,car,North,15.2,20.5,12
1900,car,North,11.8,17.1,158
1901,car,East,4.0,5.1,4
1902,truck,West,0.0,0.0,12
1903,car,North,18.8,24.9,30
1904,car,North,12.5,15.2,153
1905,car,East,1.0,6.6,704
1906,truck,unknown,0,0.0,0
1907,car,South,16.8,40.5,104
1908,car,North,8.7,10.8,85
1909,car,North,9.7,15.9,58
1910,truck,West,0.0,0.0,9
1911,car,North,16.2,17.3,12
1912,car,South,39.7,47.5,29
1915,car,North,7.0,8.7,43
1914,car,West,4.5,16.2,454
1913,car,East,10.9,14.6,33
1916,truck,West,0.0,0.0,39
1917,car,unknown,0,0.0,0
1918,car,unknown,0,0.0,0
1919,car,East,0.0,0.5,35
1920,truck,West,0.0,0.1,22
1921,car,unknown,0,0.0,0
1922,car,North,6.7,9.1,6
1923,car,East,1.9,9.9,441
1924,car,West,0.2,0.2,5
1925,car,West,0.1,0.1,20
1926,car,West,0.8,1.3,11
1927,car,West,0.9,1.6,30
1928,car,West,0,0.0,1
1929,car,West,5.5,13.1,8
1930,car,North,10.3,20.7,231
1931,car,East,7.5,9.5,42
1932,car,West,8.4,8.8,4
1933,car,West,12.1,21.5,205
1934,car,West,0,0.0,1
1935,car,unknown,0,0.0,0
1936,car,West,14.3,25.9,175
1937,car,West,0,0.0,1
1938,car,unknown,0,0.0,0
1939,car,North,5.3,20.0,140
1940,car,West,0,0.0,1
1941,car,West,17.6,44.9,123
1942,car,East,0.4,0.6,19
1943,car,South,7.8,39.6,98
1944,car,West,11.0,19.4,51
1945,car,South,4.1,14.6,17
1946,car,West,13.4,19.7,62
1947,car,unknown,0,0.0,0
1948,car,North,3.8,9.1,14
1949,car,West,14.3,22.0,29
1950,car,East,0.2,0.9,62
1952,car,unknown,0,0.0,0
1951,car,East,14.6,15.3,9
1953,car,West,23.1,30.0,21
1954,car,North,4.4,12.3,73
1955,car,South,0.3,2.0,101
1956,car,South,0.2,2.0,102
1958,car,North,6.9,9.5,17
1957,car,East,15.7,17.0,10
1959,car,South,0.1,0.2,99
1960,car,unknown,0,0.0,0
1961,car,North,0,0.0,1
1962,car,East,12.9,15.4,12
1963,car,unknown,0,0.0,0
1964,car,West,17.0,17.7,9
1965,car,East,17.1,23.4,10
1966,car,South,0.3,1.6,79
1967,car,West,26.6,28.2,8
1968,car,East,7.9,8.5,5
1970,car,West,17.1,31.6,67
1971,car,East,18.9,24.2,67
1969,car,East,15.3,19.4,34
1972,car,East,8.7,11.1,68
1973,car,South,0.1,0.2,57
1975,car,North,3.4,5.3,32
1974,car,North,2.6,5.9,68
1977,car,West,26.9,35.0,50
1976,car,East,14.7,19.3,33
1978,car,South,0.3,0.9,19
1979,car,West,28.5,36.5,45
1980,car,South,6.0,9.4,38
1981,car,unknown,0,0.0,0
1982,car,North,6.8,6.8,2
1983,car,unknown,0,0.0,0
1984,car,unknown,0,0.0,0
1985,car,unknown,0,0.0,0
1986,car,unknown,0,0.0,0
1987,car,West,10.2,13.3,14
1988,truck,unknown,0,0.0,0
1989,car,unknown,0,0.0,0
