step,queue_length,average_speed,cumulative_reward,throughput,waiting_time
1,10,41.8747909979771,-100.0,0,0.0
2,12,37.794259725874866,-213.0,0,0.0
3,14,31.156175560446822,-361.0,0,0.0
4,14,24.238234240482246,-499.0,0,1.8
8,14,14.398541799332335,-640.0,0,15.899999999999999
9,15,15.503201580071723,-785.0,0,22.099999999999998
10,14,16.41456679127653,-934.0,0,29.099999999999998
11,16,17.498712963007947,-1079.0,0,36.1
12,16,16.19375312061843,-1245.0,0,43.8
16,17,11.373637249649445,-1406.0,0,59.4
17,18,15.546347808908115,-1582.0,0,55.0
18,16,16.6073999296911,-1756.0,0,61.6
19,20,18.850642877794066,-1945.0,0,68.6
20,20,16.412306061007584,-2147.0,0,75.6
24,16,17.541632968286912,-2333.0,0,51.1
25,15,17.22830087462403,-2487.0,0,59.1
26,14,19.825686694528535,-2630.0,0,67.1
27,15,21.138070649075253,-2775.0,0,75.6
28,16,20.950579257728933,-2930.0,1,85.3
32,17,18.968317422066534,-3090.0,1,73.4
33,17,18.66052791898483,-3260.0,1,82.1
34,16,20.42593745088913,-3430.0,1,91.3
35,18,19.153498524203442,-3601.0,1,101.3
36,20,19.887118854772375,-3791.0,1,111.9
40,21,16.520268546227136,-4014.0,1,79.2
41,25,17.527684297415075,-4243.0,1,91.2
42,22,16.886173243338053,-4474.0,1,103.69999999999999
43,21,16.115951704784475,-4689.0,1,118.2
44,23,16.540179090372327,-4919.0,2,134.2
48,22,11.988406593296089,-5139.0,2,115.8
49,22,11.391547382206713,-5364.0,2,76.5
50,21,14.985880398540452,-5580.0,2,62.3
51,20,14.360942919808965,-5789.0,2,68.7
52,20,17.838206378835146,-5990.0,2,75.7
56,17,22.578752790045854,-6174.0,2,45.1
57,16,21.487954605714243,-6340.0,2,52.1
58,15,20.64266372071057,-6493.0,2,59.5
59,18,24.018170742004912,-6672.0,2,67.9
60,19,23.385964447103657,-6856.0,2,77.4
64,19,19.027384255731356,-7046.0,3,67.8
65,21,15.917818707927015,-7240.0,3,79.0
66,20,16.7106233637336,-7437.0,3,91.9
67,20,16.067470031369407,-7637.0,3,106.2
68,22,16.626557036762517,-7856.0,3,121.2
72,23,15.05588333098852,-8079.0,3,110.7
73,25,16.72612479511955,-8335.0,3,124.9
74,24,16.105046642658465,-8575.0,3,140.0
75,24,15.340367808341195,-8821.0,3,156.0
76,23,15.482034792863061,-9050.0,4,172.1
80,21,13.201734622703752,-9260.0,4,119.5
81,20,14.193741733861044,-9470.0,4,73.6
82,20,15.597868589233714,-9661.0,5,60.9
83,18,16.43330129762239,-9855.0,5,67.9
87,17,15.986631357174168,-10033.0,5,43.2
88,19,15.130331144693715,-10213.0,5,50.1
89,16,15.944741372516006,-10391.0,5,58.6
90,18,18.88906608143324,-10561.0,5,68.3
91,22,20.146855647672027,-10773.0,5,78.3
95,22,14.754811566337375,-11004.0,5,78.8
96,22,12.21417574849451,-11224.0,5,92.7
97,19,12.481062533204708,-11433.0,5,108.2
98,21,13.09555721204222,-11637.0,5,125.1
99,23,13.9961222424529,-11857.0,5,143.1
103,23,17.686167880709785,-12094.0,5,163.6
104,23,15.348277314934762,-12324.0,5,163.4
105,21,15.429930543970048,-12543.0,5,178.4
106,22,15.466414721037086,-12754.0,6,194.5
107,21,14.086405664913135,-12969.0,6,211.5
111,23,13.010622732805292,-13182.0,6,188.2
112,22,9.920241959634623,-13405.0,7,122.1
113,20,11.107573188406105,-13617.0,7,67.6
114,20,10.726336532955047,-13817.0,7,60.2
115,19,16.085632712917814,-14010.0,7,68.2
119,18,15.673231184491758,-14191.0,7,48.8
120,19,15.968865080641546,-14379.0,7,56.8
121,19,15.124821373807661,-14565.0,7,64.8
122,19,14.628258737352894,-14755.0,7,73.9
123,20,14.54862968144843,-14949.0,8,84.6
127,24,15.294817887652552,-15172.0,8,85.9
128,24,12.61983883529229,-15412.0,8,99.3
129,23,11.830092334460167,-15643.0,8,115.0
130,24,10.93312860153029,-15875.0,8,132.1
131,25,9.208288905839417,-16119.0,9,151.1
135,26,12.533113381034843,-16382.0,9,161.3
136,27,13.266462552392015,-16654.0,9,180.1
137,26,13.691029828721025,-16915.0,9,201.1
138,27,13.787740430715928,-17177.0,9,222.1
139,26,13.876610263708855,-17444.0,9,243.1
143,25,11.78090849878623,-17695.0,9,175.9
144,24,11.091120369292494,-17941.0,9,121.3
145,24,13.969602371742768,-18185.0,10,104.0
146,23,13.725269020740384,-18417.0,10,78.1
147,21,15.173102761574977,-18628.0,11,85.1
151,18,20.9802048678491,-18811.0,11,50.8
152,17,19.800971331917214,-18987.0,11,59.4
153,19,20.896449210226663,-19162.0,11,68.4
154,20,20.80867642087004,-19362.0,11,77.4
155,23,18.745779527516756,-19576.0,11,88.3
159,22,14.077882043704111,-19796.0,11,88.3
160,21,12.445930438091457,-20010.0,11,102.4
161,21,12.864828023095388,-20209.0,11,118.4
162,21,11.971716871554767,-20419.0,12,134.6
166,24,14.631648271457669,-20661.0,12,145.8
167,26,15.91269231754224,-20906.0,12,144.1
168,24,15.576770622523036,-21173.0,12,161.3
169,25,16.506724918096307,-21414.0,12,179.3
170,25,15.554357239860657,-21659.0,13,197.9
174,23,10.780151514784006,-21903.0,13,208.2
175,23,11.36945248294134,-22133.0,13,128.7
176,20,10.479403115542986,-22356.0,13,95.3
177,20,12.700960886570499,-22556.0,13,77.3
178,17,15.364542636515871,-22741.0,13,85.3
182,19,20.139866109688104,-22917.0,13,60.1
183,20,19.197698794802086,-23112.0,13,68.1
184,17,18.24203531507172,-23296.0,13,76.10000000000001
185,21,20.44150142888424,-23494.0,13,85.7
186,22,20.3638255014549,-23707.0,13,96.2
190,21,18.007817666812986,-23925.0,13,86.0
191,21,15.165111889678355,-24135.0,13,99.4
192,19,11.94477001387216,-24331.0,13,114.3
193,22,14.358284033788198,-24551.0,13,131.3
194,25,14.478434159665797,-24779.0,13,148.4
198,23,14.820685007110258,-25019.0,13,143.2
199,28,17.497529040122128,-25285.0,13,158.6
200,25,15.327438458962334,-25545.0,13,175.5
201,25,12.974567359031912,-25795.0,14,193.9
202,26,14.018956335550994,-26050.0,14,213.2
206,24,10.846198473029634,-26296.0,14,183.0
207,24,10.003402157624537,-26536.0,14,140.8
208,22,11.269241263225274,-26764.0,14,86.2
209,21,10.774581174356106,-26982.0,15,73.4
210,19,11.028970251545834,-27183.0,16,81.4
214,18,17.553283282095798,-27364.0,16,59.3
215,18,20.85400415732735,-27539.0,16,66.3
216,17,20.426175841334324,-27709.0,16,73.5
217,21,22.12423248643336,-27912.0,16,81.5
218,23,22.87176514032677,-28135.0,16,89.89999999999999
222,22,16.579160846499708,-28355.0,16,69.5
223,22,14.120179791242819,-28575.0,16,82.2
224,21,12.719327657027657,-28782.0,17,97.10000000000001
225,22,13.030404701056636,-28999.0,17,113.10000000000001
226,24,12.190896093006168,-29223.0,17,130.1
230,23,10.638819876541476,-29453.0,17,131.6
231,24,13.081129069937457,-29690.0,17,148.8
232,23,11.850685462450791,-29920.0,17,166.8
233,24,13.116139907403404,-30149.0,17,184.8
234,24,12.82269372525195,-30389.0,17,203.8
238,26,11.396657719631897,-30652.0,17,142.1
239,24,10.006202455087237,-30905.0,17,95.1
240,23,12.336550341766637,-31135.0,17,69.1
241,20,14.623078155991314,-31352.0,17,78.1
245,18,18.57853093370352,-31550.0,17,65.7
246,17,22.047430958963755,-31722.0,17,74.3
247,14,21.76770008549049,-31881.0,17,83.3
248,19,22.9377226206234,-32041.0,17,92.3
249,19,22.393363267825894,-32231.0,17,101.9
253,23,19.556976511188306,-32435.0,17,84.0
254,23,14.59839039297057,-32665.0,17,96.0
255,23,14.88010489399067,-32902.0,17,109.2
256,24,12.389000174956033,-33140.0,17,125.9
257,24,10.644372369672123,-33380.0,19,143.9
261,25,11.682788968127419,-33634.0,19,149.2
262,26,13.36151907999506,-33879.0,20,129.3
263,24,13.633871374437861,-34130.0,21,147.0
264,26,15.798771053244474,-34382.0,21,165.0
265,25,14.20321776755964,-34636.0,21,183.70000000000002
269,25,13.24956784749553,-34893.0,21,182.0
270,24,10.380574514891117,-35139.0,21,130.2
271,24,14.039434356894123,-35391.0,21,91.10000000000001
272,24,11.327998865137863,-35631.0,21,83.1
273,22,12.902382056973929,-35861.0,21,91.1
277,18,17.114470328828823,-36058.0,21,63.2
278,18,15.645225271282678,-36245.0,21,71.9
279,18,16.364989305997096,-36419.0,21,75.0
280,22,20.629778239693756,-36619.0,21,83.0
281,22,18.57833454950115,-36844.0,21,91.6
285,23,16.628433052027255,-37070.0,21,57.2
286,23,14.578990599638686,-37301.0,21,70.2
287,23,15.347921148640857,-37522.0,21,84.6
288,24,14.34685195029559,-37756.0,22,101.6
289,26,16.858816017504513,-38008.0,22,119.3
293,24,13.442701692561968,-38254.0,22,140.7
294,24,14.539624056616285,-38498.0,22,158.2
295,23,16.668991109848225,-38729.0,22,176.2
296,25,15.9700633295648,-38965.0,22,194.7
297,25,15.394876335807332,-39217.0,22,213.7
301,23,9.489522523972823,-39451.0,22,151.3
302,22,9.611113419099006,-39677.0,22,99.2
303,20,12.175830657245681,-39880.0,22,82.3
304,19,12.70820018586407,-40077.0,22,78.5
305,17,16.63706671167942,-40248.0,22,86.5
309,18,21.86484447828457,-40420.0,22,55.699999999999996
310,16,18.941340020507262,-40587.0,22,62.7
311,17,20.58638599634083,-40739.0,22,70.3
312,18,23.08863207606814,-40919.0,22,78.3
313,20,24.047072288617695,-41103.0,22,87.5
317,21,14.570419742437409,-41305.0,23,69.10000000000001
318,22,14.388090090045903,-41518.0,23,80.7
319,21,15.412414024029824,-41721.0,23,95.3
320,23,16.99980387285216,-41938.0,23,110.3
324,21,14.448088189577472,-42164.0,23,118.6
325,23,15.050258600001834,-42394.0,23,133.6
326,23,16.638912708270325,-42651.0,23,148.9
327,23,15.289332604486702,-42881.0,23,166.5
328,25,16.955583503647194,-43125.0,23,185.0
332,24,13.639224422708807,-43371.0,23,201.29999999999998
333,24,13.517408208206112,-43611.0,23,124.3
334,21,12.363069734600618,-43838.0,23,91.5
335,21,10.644771750847807,-44048.0,25,67.1
336,18,12.10259910650864,-44245.0,25,75.1
340,16,19.659239861995562,-44419.0,25,52.5
341,17,17.011166026865453,-44582.0,26,52.6
342,17,20.919620637552278,-44741.0,26,59.6
343,20,22.489368444266532,-44942.0,26,66.60000000000001
344,22,23.223302283354187,-45145.0,26,74.0
348,23,18.584355119376962,-45371.0,27,57.7
349,23,15.621695638746736,-45601.0,27,69.6
350,22,15.007896383712358,-45820.0,27,81.8
351,23,13.91706125792539,-46048.0,27,96.89999999999999
352,23,11.52833955004694,-46278.0,27,113.9
356,23,10.778754929486771,-46513.0,27,126.5
357,23,10.192207634022585,-46743.0,27,142.2
358,21,12.345781252149093,-46957.0,27,159.2
359,21,12.921575733432235,-47173.0,27,176.2
360,21,12.210104569478402,-47380.0,27,194.0
364,24,10.885450882211934,-47624.0,27,165.4
365,23,7.961894464047304,-47862.0,27,125.89999999999999
366,22,10.384080202106208,-48085.0,27,78.39999999999999
367,21,11.442660171932546,-48304.0,27,65.7
368,20,12.754390306406483,-48510.0,27,74.7
372,16,18.023731091893033,-48683.0,27,59.0
373,16,17.455380924670276,-48844.0,27,66.0
374,16,18.709861174478586,-48991.0,27,73.2
375,17,19.227172849961544,-49157.0,27,81.2
376,20,20.882657344492507,-49338.0,27,89.8
380,22,17.257841963618333,-49554.0,28,71.2
381,23,15.443333343931958,-49775.0,28,81.9
382,23,15.317844102795465,-49996.0,28,95.8
383,23,13.622706582876212,-50226.0,29,111.7
384,25,13.385994880088466,-50479.0,29,128.7
388,25,13.554844064601468,-50729.0,29,128.1
389,26,14.081204008189605,-50987.0,29,145.9
390,23,14.474184653089976,-51222.0,29,164.9
391,23,11.894872378075124,-51452.0,29,183.9
392,24,13.67741363172359,-51695.0,29,202.9
396,24,11.89134281685893,-51935.0,29,151.6
397,24,13.606984977176433,-52188.0,29,105.1
398,23,13.79233304695195,-52418.0,29,75.1
399,21,14.451583247287957,-52638.0,30,83.1
403,17,20.509273128420677,-52834.0,30,51.6
404,17,20.03650640768354,-53004.0,30,58.800000000000004
405,14,19.575020396278674,-53162.0,30,66.8
406,17,23.343225900737885,-53314.0,30,74.8
407,17,22.05685214064002,-53484.0,30,82.9
411,19,20.669606075973007,-53667.0,30,67.7
412,20,15.97732133502892,-53866.0,30,78.7
413,20,17.128735337391895,-54069.0,30,90.6
414,22,15.205919715720096,-54284.0,30,103.6
415,26,17.392319522572926,-54526.0,31,118.3
419,22,15.12071997831589,-54771.0,31,122.3
420,25,16.92815817296919,-54997.0,31,139.3
421,22,16.407950048408065,-55233.0,31,157.0
422,25,16.51076639219116,-55461.0,32,175.2
423,25,15.124240569666563,-55711.0,32,194.2
427,23,14.525955715675298,-55952.0,32,173.5
428,24,11.221936049873216,-56185.0,34,116.3
429,21,12.322628147376474,-56406.0,34,74.7
430,21,11.775960874155752,-56616.0,34,72.89999999999999
431,19,14.81519992062988,-56811.0,34,76.2
435,17,20.716547805269727,-56991.0,34,46.3
436,18,17.732488709312637,-57159.0,34,53.199999999999996
437,16,17.385134472167582,-57327.0,34,60.9
438,17,19.350494906816046,-57494.0,34,68.89999999999999
439,19,18.413084387428515,-57666.0,35,77.89999999999999
443,19,14.188309175146548,-57854.0,36,66.6
444,19,12.181241819640341,-58044.0,36,78.7
445,20,15.495165010626852,-58226.0,36,92.4
446,22,15.154757301932886,-58430.0,36,107.0
447,23,14.577727775210796,-58656.0,36,122.5
451,23,14.581405182077004,-58886.0,36,130.4
452,26,16.25365475455749,-59134.0,36,147.2
453,23,15.363861015956324,-59374.0,36,164.2
454,25,14.031020420587087,-59605.0,36,181.7
455,25,14.005231997401298,-59855.0,36,200.7
459,24,15.64658991352015,-60095.0,36,160.79999999999998
460,24,12.868938003485152,-60335.0,36,104.3
461,23,12.24000044386067,-60567.0,36,85.8
462,22,11.188561853284234,-60793.0,36,68.4
463,22,13.378424609518069,-61013.0,36,76.4
467,17,16.4277339508414,-61187.0,36,49.9
468,17,14.915761962053866,-61357.0,36,57.9
469,21,19.78827671436248,-61549.0,36,65.9
470,21,20.144978174925562,-61759.0,36,73.9
471,22,19.997390003051237,-61976.0,36,83.5
475,21,18.033859560915005,-62186.0,37,76.1
476,20,17.228784369518113,-62390.0,37,89.2
477,22,17.401061472279032,-62589.0,37,105.2
478,23,15.77445494195326,-62816.0,38,121.2
482,22,14.230537941509347,-63057.0,38,140.0
483,22,13.393561905133323,-63277.0,38,139.3
484,20,15.19481598554827,-63494.0,38,156.1
485,22,16.18713284934928,-63709.0,38,173.1
486,21,14.1904252974806,-63922.0,38,190.1
490,22,8.399465224426475,-64162.0,38,206.9
491,22,7.769922621895215,-64382.0,39,128.1
492,20,12.922815887499738,-64604.0,39,92.0
493,20,12.671325281073083,-64804.0,40,62.7
494,19,14.321788271335459,-65006.0,40,70.7
498,14,21.14725840967549,-65181.0,40,52.5
499,15,21.754524561590575,-65327.0,41,59.300000000000004
500,12,22.77237291116809,-65459.0,41,66.3
501,15,23.550573304343633,-65589.0,41,73.3
502,16,22.852944851297575,-65747.0,41,80.9
506,20,19.901833041256843,-65929.0,41,66.0
507,20,14.4120798878304,-66129.0,41,74.7
508,17,15.200913910625916,-66314.0,41,85.5
509,20,15.952034428322312,-66510.0,41,99.5
510,25,15.790799287487957,-66725.0,41,114.5
514,24,16.93168275281533,-66966.0,41,109.3
515,24,15.757277954908014,-67210.0,41,116.9
516,23,15.416495403346199,-67447.0,41,134.5
517,25,15.660842772655974,-67683.0,41,152.5
518,24,15.216041887651954,-67932.0,41,170.5
522,23,12.556992454380513,-68165.0,41,152.9
523,25,13.69034662864541,-68415.0,41,117.9
524,24,15.033353121084787,-68656.0,42,80.39999999999999
525,24,12.93145427533207,-68896.0,43,69.39999999999999
526,23,14.045143471192608,-69125.0,43,76.39999999999999
530,19,16.668270742809195,-69325.0,43,47.0
531,18,18.014494906681808,-69506.0,43,55.699999999999996
532,18,18.69833547490077,-69686.0,43,64.7
533,20,19.291706622808785,-69885.0,43,74.6
534,21,17.884873895442876,-70089.0,43,85.0
538,22,15.902613638460307,-70310.0,43,87.0
539,22,15.816447096287334,-70529.0,43,99.3
540,21,15.25714823460231,-70739.0,43,114.0
541,25,17.98133054141006,-70979.0,43,130.0
542,27,17.336736282451216,-71245.0,43,147.29999999999998
546,27,12.5966147901079,-71507.0,43,139.3
547,28,14.177697534035321,-71785.0,43,154.2
548,26,13.606178766131839,-72047.0,43,174.1
549,25,13.534475890103776,-72302.0,43,194.1
550,26,16.321442945757816,-72556.0,43,214.3
554,23,13.271181099845704,-72786.0,43,151.0
555,22,13.127992144021208,-73009.0,43,103.2
556,20,13.32830601765069,-73209.0,44,68.5
557,18,16.435771998892395,-73407.0,44,75.5
561,17,21.994609180403028,-73586.0,44,43.2
562,18,19.483065264616627,-73766.0,45,49.2
563,15,19.345210541784287,-73940.0,45,56.8
564,18,21.43795602885602,-74111.0,45,65.8
565,19,21.11582063561127,-74295.0,45,74.8
569,19,18.683464250823537,-74501.0,45,68.4
570,20,14.779789804206771,-74699.0,46,79.6
571,19,15.984529141085112,-74896.0,47,92.9
572,20,14.504349159583551,-75093.0,47,107.6
573,21,12.419530235739295,-75295.0,49,123.6
577,25,14.537928784306187,-75529.0,50,129.9
578,27,14.987846616136862,-75785.0,50,145.7
579,24,13.27414637959525,-76040.0,50,162.4
580,23,13.33879228176227,-76273.0,50,180.8
581,25,14.165102851282416,-76514.0,50,199.8
585,23,13.568471101177321,-76749.0,51,167.3
586,23,12.503430749507503,-76979.0,52,110.6
587,20,12.220746899400789,-77190.0,52,67.7
588,19,14.184865182559124,-77389.0,52,66.2
589,17,16.196508787307216,-77565.0,52,73.2
593,17,21.726748514854986,-77738.0,52,43.5
594,17,21.512581254227403,-77909.0,53,50.5
595,19,23.246793633473448,-78089.0,53,57.5
596,20,21.469609341594584,-78286.0,53,65.7
597,22,21.07739900359816,-78498.0,54,75.4
601,20,17.753655781396194,-78708.0,55,69.5
602,21,15.185052964761422,-78917.0,55,81.3
603,21,14.211957748813699,-79124.0,55,94.3
604,21,13.74871106547749,-79334.0,55,110.0
605,22,13.471703034204072,-79546.0,56,126.0
609,25,10.526882864313977,-79787.0,56,124.7
610,26,12.351850012293,-80043.0,56,142.0
611,24,11.18744741264512,-80289.0,56,160.9
612,25,12.686654113153313,-80534.0,56,179.9
613,29,16.323138753611644,-80813.0,57,199.1
617,26,10.72579611201544,-81079.0,57,158.6
618,26,9.44080009803722,-81339.0,57,110.7
619,24,11.43618069189601,-81581.0,57,96.6
620,23,11.232221952815253,-81815.0,57,76.2
621,21,13.646607852065248,-82034.0,57,84.2
625,19,16.511288743177133,-82226.0,57,65.3
626,19,15.536520337638061,-82411.0,57,73.3
627,19,17.865635585575106,-82599.0,57,81.3
628,19,16.903705846277912,-82789.0,57,89.7
629,20,17.043702556112677,-82992.0,57,99.39999999999999
633,25,15.843194366116625,-83236.0,57,81.8
634,25,13.70005306810007,-83483.0,58,96.9
635,24,12.3729752017026,-83719.0,58,115.2
636,26,10.002821386116356,-83969.0,58,135.0
640,26,13.820995349411842,-84239.0,58,161.9
641,27,13.473679375308528,-84503.0,58,163.0
642,25,12.84479383486293,-84780.0,58,182.3
643,25,12.133691744535932,-85030.0,59,203.3
644,27,12.647394563102925,-85291.0,59,224.3
648,26,10.575871442489706,-85559.0,59,243.2
649,28,11.382050953792813,-85839.0,59,164.8
650,25,10.236431578848707,-86112.0,59,129.6
651,25,11.976117678704368,-86362.0,59,90.4
652,21,12.384922161404866,-86589.0,60,94.3
656,17,20.694365240774573,-86787.0,60,64.9
657,18,20.564227692238294,-86961.0,61,73.60000000000001
658,17,21.095869769312596,-87129.0,61,82.6
659,20,22.09606211284902,-87317.0,61,91.6
660,20,21.683683218784417,-87517.0,62,101.2
664,21,17.587109497306198,-87726.0,62,84.7
665,22,13.46264050524317,-87938.0,62,96.7
666,21,14.948957757441814,-88158.0,62,111.89999999999999
667,23,15.205801255414494,-88388.0,62,127.89999999999999
668,23,12.396013082240499,-88618.0,62,143.9
672,23,14.407927461615769,-88846.0,62,136.2
673,25,15.029059311700088,-89084.0,62,152.9
674,23,14.331785054724623,-89324.0,62,165.5
675,22,12.294810349209774,-89551.0,63,182.7
676,24,14.151998713597663,-89783.0,63,200.7
680,21,12.529995291400013,-90005.0,63,165.4
681,21,11.11470036812719,-90215.0,63,100.1
682,19,14.842249213759658,-90410.0,63,64.9
683,19,19.38627097023096,-90602.0,63,71.9
684,16,18.91230304684849,-90769.0,63,78.9
688,18,18.10969715449055,-90949.0,63,48.199999999999996
689,19,14.909629171775551,-91134.0,63,55.4
690,20,15.627397483057814,-91321.0,63,64.6
691,22,16.380839669999816,-91531.0,63,75.3
692,21,15.589563548940799,-91750.0,63,86.7
696,23,10.838903164164034,-91977.0,64,83.0
697,23,10.254385788783832,-92212.0,64,97.7
698,24,12.618969371356284,-92439.0,64,113.7
699,24,12.752556258612643,-92679.0,64,131.6
700,26,13.349698501683429,-92927.0,66,150.3
704,26,15.586115896499878,-93181.0,66,161.2
705,26,15.926309289196736,-93445.0,66,177.4
706,25,15.886926718525062,-93691.0,66,195.8
707,26,17.05335447618287,-93943.0,66,214.8
708,26,16.768781031409716,-94195.0,66,234.3
712,23,9.928319180592426,-94425.0,67,181.9
713,21,8.964202732272428,-94648.0,67,121.10000000000001
714,21,9.67618629457716,-94858.0,67,72.10000000000001
715,19,12.11463955026174,-95061.0,67,80.1
716,18,14.049580417307224,-95246.0,67,88.1
720,17,15.68249189523936,-95406.0,68,60.1
721,16,18.803797102938653,-95587.0,68,67.1
722,19,21.55637880112911,-95757.0,68,74.1
723,21,20.57202690034903,-95964.0,68,81.3
727,21,19.41461011448997,-96180.0,68,60.7
728,21,16.742081299910026,-96390.0,68,72.3
729,21,15.84242007480088,-96616.0,68,85.7
730,22,14.781871830451493,-96834.0,68,101.2
731,23,12.227915431512955,-97064.0,69,117.5
735,24,13.515179379311405,-97303.0,69,133.1
736,25,13.100885455379398,-97545.0,69,149.8
737,24,16.07125816341267,-97791.0,69,167.7
738,24,13.868440753664554,-98031.0,70,186.7
739,29,15.34505941661364,-98315.0,70,205.8
743,25,11.362436882602793,-98588.0,71,226.8
744,25,11.881195210293306,-98838.0,71,131.7
745,23,13.366607831431498,-99070.0,71,86.7
746,23,12.433621033843473,-99300.0,71,74.3
747,20,15.271298479176096,-99509.0,71,75.2
751,16,19.900192839299066,-99693.0,71,53.3
752,15,18.600701456319214,-99852.0,71,60.5
753,15,19.65482260192653,-100001.0,71,68.5
754,17,21.611882772066405,-100163.0,71,76.5
755,18,21.119560495646322,-100335.0,71,85.0
759,23,18.7361171808721,-100550.0,71,65.7
760,22,12.67548519385442,-100773.0,71,77.5
761,19,11.115448318037323,-100974.0,72,92.8
762,23,13.843982636664476,-101194.0,72,109.8
763,24,11.620197151527055,-101429.0,72,127.3
767,22,13.768954997286562,-101662.0,72,136.6
768,23,14.864774670774036,-101887.0,72,152.6
769,20,14.781675720665026,-102099.0,72,168.8
770,22,14.548618899035365,-102312.0,72,185.8
771,23,14.088693357978551,-102534.0,72,203.6
775,24,9.593090927045983,-102771.0,72,173.6
776,23,9.51027482750972,-103008.0,72,117.3
777,21,11.175069811975586,-103223.0,72,84.5
778,19,14.381304422907146,-103424.0,72,82.39999999999999
779,17,17.679690300616958,-103597.0,72,91.0
783,16,20.465610749446963,-103763.0,72,59.3
784,17,18.894597453810164,-103924.0,72,66.3
785,16,17.3100496915418,-104080.0,72,74.1
786,17,20.44732848311053,-104250.0,72,83.1
787,16,17.365366498602278,-104419.0,72,92.7
791,19,12.378112237830255,-104606.0,72,78.2
792,19,12.206141978703503,-104794.0,72,90.2
793,24,17.61538681066924,-105033.0,72,104.10000000000001
794,24,16.036494340186877,-105273.0,72,119.10000000000001
795,26,14.775840472741258,-105525.0,72,134.1
799,23,13.029031648380537,-105763.0,72,136.2
800,24,15.27736636611121,-106006.0,72,152.6
801,22,15.657996820407506,-106227.0,72,169.6
802,24,17.6588132488739,-106460.0,72,188.4
806,24,14.443555350630906,-106697.0,72,204.6
807,24,12.219168690334618,-106937.0,72,143.3
808,22,10.015029849169144,-107174.0,72,109.0
809,22,10.524453706725447,-107394.0,72,71.5
810,20,11.545608307678842,-107610.0,72,79.5
814,17,18.975670660711412,-107816.0,72,48.800000000000004
815,18,17.798112758962912,-107993.0,73,56.2
816,17,18.801563600216433,-108171.0,73,64.2
817,19,20.92499907471115,-108350.0,73,73.2
818,19,20.683428135070166,-108540.0,73,82.5
822,21,18.888971537627697,-108742.0,73,68.2
823,22,15.039376281259283,-108953.0,73,78.8
824,21,14.939718920634244,-109164.0,73,92.1
825,22,14.52742959626747,-109382.0,73,106.5
826,24,14.780983162411408,-109607.0,73,123.0
830,23,15.638194162620104,-109843.0,73,119.1
831,26,17.589600833329328,-110087.0,73,134.1
832,21,17.33879704029426,-110313.0,73,150.2
833,23,16.75050391193044,-110533.0,74,167.2
834,22,17.403961099772758,-110755.0,74,184.2
838,23,14.817323787203911,-110981.0,74,159.1
839,21,12.040407672119276,-111208.0,74,105.0
840,20,12.35803658597771,-111412.0,75,72.1
841,20,12.119122945701438,-111612.0,75,68.4
842,17,17.274926021863987,-111790.0,75,76.4
846,15,21.34702366314169,-111948.0,75,51.3
847,17,21.421020979329064,-112116.0,75,58.3
848,19,23.739634977233635,-112286.0,75,65.8
849,19,22.408563067820353,-112476.0,75,73.8
850,20,21.80837060588363,-112663.0,75,82.0
854,20,20.888667143269856,-112863.0,75,68.2
855,21,17.71579041892877,-113077.0,75,78.9
856,22,16.36581931176922,-113287.0,75,91.2
857,22,14.961489700990844,-113507.0,75,105.2
858,24,13.431814141552353,-113735.0,75,120.7
862,21,14.100952438562539,-113949.0,75,115.1
863,23,15.277777398018655,-114171.0,75,130.3
864,20,15.346306199206431,-114378.0,75,146.4
865,23,17.064761897051145,-114607.0,75,163.4
866,23,16.26864607343402,-114837.0,75,180.4
870,22,16.086629385050227,-115057.0,75,128.2
871,21,13.875935684077788,-115272.0,75,75.7
872,20,14.87035628389995,-115473.0,75,47.4
873,19,15.992900158468888,-115670.0,75,55.4
874,16,16.641530693799634,-115854.0,75,63.4
878,17,20.03152495418457,-116020.0,75,40.9
879,13,18.986877760559977,-116171.0,75,46.9
880,16,21.16936300232646,-116317.0,75,53.1
881,17,21.833302032516567,-116479.0,75,60.2
885,20,21.010173701876965,-116648.0,75,47.3
886,21,16.79865871901176,-116853.0,75,55.8
887,18,15.661332732455666,-117054.0,76,66.8
888,22,18.288082988435285,-117262.0,76,80.10000000000001
889,24,18.189433077783836,-117484.0,77,94.10000000000001
893,23,16.407088052680006,-117722.0,77,112.6
894,25,15.584071107041389,-117961.0,77,128.6
895,22,14.892926288857623,-118199.0,77,146.0
896,23,14.489582213748825,-118429.0,77,164.6
897,24,13.92708502985369,-118666.0,77,183.6
901,27,17.22209995396359,-118910.0,77,198.3
902,27,15.30271423519932,-119180.0,77,107.4
903,25,14.011662615545601,-119443.0,77,64.10000000000001
904,24,15.462000294051776,-119686.0,77,52.800000000000004
905,23,16.36689591311031,-119918.0,77,61.5
909,20,18.335659017400054,-120136.0,77,50.9
910,18,20.644450828815017,-120326.0,77,59.9
911,17,18.78224478517083,-120504.0,77,69.1
912,18,19.607481713914424,-120681.0,77,80.1
913,22,20.944943441699458,-120888.0,77,91.5
917,22,14.979439178385906,-121105.0,78,92.3
918,22,14.10214974465618,-121325.0,78,105.3
919,22,13.584468363691258,-121551.0,78,120.1
920,25,15.262937170716896,-121801.0,78,136.9
921,28,13.242223292659693,-122058.0,78,153.9
925,26,12.896319063943018,-122324.0,79,135.3
926,26,12.873951047914101,-122584.0,79,133.2
927,23,15.014502323687946,-122826.0,79,151.2
928,23,14.968202384351308,-123057.0,79,169.2
929,23,16.386677350789462,-123283.0,79,187.2
933,21,15.801601235027205,-123491.0,79,157.5
934,20,16.12158928692079,-123698.0,79,102.2
935,19,16.291986704536274,-123885.0,79,60.4
936,18,14.613940555379308,-124073.0,79,67.39999999999999
937,19,19.981764068570076,-124265.0,79,74.8
941,16,20.560332102679247,-124424.0,79,42.6
942,16,20.825218188801994,-124586.0,79,49.800000000000004
943,16,21.794943431182762,-124739.0,79,57.800000000000004
944,18,21.359747434096427,-124914.0,79,65.8
945,20,21.784291279243,-125104.0,79,74.3
949,20,15.171439609833822,-125297.0,80,67.9
950,20,14.322255389141338,-125500.0,80,79.6
951,20,16.710462029522926,-125699.0,80,92.6
952,21,15.079776431483253,-125907.0,82,106.9
953,23,15.887309477723242,-126125.0,82,121.9
957,24,11.710992720406024,-126365.0,82,124.89999999999999
958,25,14.974932604253103,-126621.0,82,141.4
959,23,14.723694999895361,-126851.0,82,160.2
960,25,14.263716342233614,-127087.0,82,179.5
964,25,13.983956511016657,-127339.0,83,205.9
965,25,12.056758624630536,-127589.0,83,147.6
966,23,13.350602506697841,-127840.0,83,99.1
967,23,14.417383921769778,-128070.0,83,67.4
968,22,15.465949752406374,-128295.0,83,71.8
972,17,19.88275733273356,-128505.0,83,45.1
973,21,20.72441025145161,-128709.0,83,53.2
974,18,20.869470628175527,-128904.0,83,62.2
975,22,21.576753662763316,-129098.0,83,71.2
976,21,18.918642563609062,-129311.0,84,80.2
980,22,18.469627312436796,-129537.0,84,76.8
981,22,13.53648596392134,-129757.0,84,89.8
982,21,16.32410746614287,-129985.0,84,104.8
983,22,14.41881946674304,-130204.0,84,121.7
984,25,13.760077345554766,-130431.0,84,139.1
988,22,13.966056023334579,-130662.0,84,122.8
989,22,12.767889564402157,-130882.0,84,137.4
990,21,15.865558991455917,-131089.0,84,154.29999999999998
991,23,17.309138228091868,-131325.0,85,171.3
992,23,16.987909836678348,-131559.0,85,188.3
996,20,11.93475007364034,-131777.0,85,164.7
997,20,12.536735314489464,-131977.0,85,107.3
998,17,14.932859918756586,-132161.0,85,71.7
999,17,16.025508128162556,-132337.0,85,66.8
1000,16,18.262980905197377,-132500.0,85,73.8
1004,15,19.76324578194464,-132655.0,85,48.0
1005,16,20.118472343655732,-132810.0,85,54.1
1006,16,19.900138078033677,-132965.0,85,61.199999999999996
1007,17,19.367242474329462,-133126.0,85,69.2
1008,19,22.603885519672264,-133305.0,85,77.89999999999999
1012,20,16.975731594095127,-133511.0,85,63.6
1013,19,15.642934949938681,-133709.0,85,75.1
1014,19,15.2537907178427,-133894.0,87,88.9
1015,21,17.182080881906305,-134091.0,87,103.6
1016,23,14.903190902506342,-134305.0,87,118.6
1020,23,13.04425679182711,-134535.0,87,130.6
1021,24,13.719611891570935,-134769.0,87,147.2
1022,23,13.691059111162561,-135000.0,87,165.20000000000002
1023,24,11.219136200665998,-135237.0,87,183.2
1024,23,11.853654478414963,-135474.0,87,201.2
1028,27,13.241773471802468,-135740.0,87,149.0
1029,27,10.890865470803032,-136010.0,87,97.3
1030,24,10.11044894069041,-136257.0,88,71.7
1031,22,9.336163705583635,-136491.0,88,64.4
1032,22,14.196058518883635,-136719.0,88,72.4
1036,20,16.09511545253694,-136919.0,88,58.7
1037,19,14.414997040954928,-137127.0,88,68.7
1038,19,13.711037000624323,-137317.0,88,78.9
1039,20,12.253627007304909,-137514.0,88,89.9
1043,23,12.302768414661198,-137715.0,88,92.0
1044,24,10.27818408632236,-137948.0,88,105.7
1045,23,10.511059755888018,-138200.0,89,121.60000000000001
1046,25,13.356484547179635,-138446.0,89,138.6
1047,25,11.40628041908838,-138696.0,89,157.1
1051,27,13.319752505255288,-138967.0,89,175.5
1052,27,13.381964106569031,-139236.0,89,156.7
1053,24,13.561048484266536,-139495.0,89,174.2
1054,25,15.28373627508926,-139737.0,89,193.3
1055,24,12.469818491568256,-139984.0,91,213.3
1059,24,11.31811159011672,-140222.0,91,227.1
1060,24,9.085690156074028,-140462.0,92,130.1
1061,21,10.670513354527303,-140685.0,92,99.39999999999999
1062,22,11.44579388749984,-140903.0,92,71.39999999999999
1063,21,16.911332808753695,-141126.0,92,78.39999999999999
1067,21,17.63182613421308,-141336.0,92,35.8
1068,20,18.16415027976428,-141545.0,92,42.4
1069,19,18.832827318096964,-141740.0,92,49.4
1070,21,18.491459277491398,-141935.0,92,57.1
1071,24,20.70598241282095,-142158.0,92,67.1
1075,22,16.056979496599247,-142383.0,92,69.9
1076,22,12.644356082855746,-142603.0,92,84.1
1077,21,11.577517167699366,-142816.0,92,100.2
1078,21,9.650852611766618,-143026.0,92,118.2
1079,21,7.08509093825205,-143236.0,92,136.20000000000002
1083,26,8.34119414811971,-143482.0,92,150.3
1084,26,10.234155850883093,-143747.0,92,167.7
1085,24,10.482694891640381,-143995.0,92,187.7
1086,26,12.059520446815025,-144249.0,92,207.7
1087,25,12.313932310368415,-144499.0,92,227.7
1091,25,12.538081293013759,-144748.0,92,196.2
1092,25,11.867867068493766,-144999.0,92,136.0
1093,23,12.468748967167194,-145234.0,92,85.4
1094,22,12.374274209157864,-145463.0,92,82.4
1095,20,14.982621931454009,-145666.0,92,90.4
1099,20,23.642871091449496,-145861.0,92,66.5
1100,20,21.447857829074696,-146061.0,92,75.3
1101,21,22.216312091820235,-146240.0,92,84.3
1102,21,22.10767349444008,-146453.0,92,93.4
1103,23,20.744482482422494,-146671.0,92,104.3
1107,22,14.734740172640292,-146892.0,93,89.9
1108,24,15.081768539498633,-147116.0,93,104.0
1109,24,12.527698536988986,-147347.0,94,119.5
1110,24,12.0052671615548,-147587.0,94,136.5
1111,24,10.896423723024036,-147830.0,94,153.6
1115,24,12.690221992451646,-148070.0,95,118.7
1116,25,11.797930022044557,-148320.0,95,134.8
1117,26,15.143184913935668,-148579.0,96,152.3
1118,25,14.072031567364157,-148833.0,96,170.3
1122,23,13.403107483136484,-149084.0,96,182.9
1123,22,13.179472615294133,-149312.0,97,129.3
1124,20,13.108153289192176,-149530.0,97,95.9
1125,20,12.517762617046833,-149730.0,98,70.10000000000001
1126,18,16.137714921679382,-149921.0,98,78.10000000000001
1130,16,19.836806138477076,-150095.0,98,53.7
1131,16,18.82851257839599,-150255.0,98,60.1
1132,18,17.528923087813716,-150428.0,98,67.1
1133,19,19.33802101556795,-150609.0,98,66.0
1134,18,19.3655207448963,-150798.0,98,72.3
1138,21,16.363209782305994,-151007.0,98,45.8
1139,22,15.174875653299278,-151220.0,98,58.3
1140,19,12.650885135458799,-151425.0,98,73.0
1141,22,16.279339489295424,-151639.0,98,89.0
1142,24,15.254405022469157,-151873.0,98,105.3
1146,24,17.404073167947693,-152119.0,98,140.4
1147,24,15.681375710613906,-152359.0,98,157.4
1148,23,14.418767928030604,-152595.0,98,175.5
1149,24,12.103063925780509,-152828.0,100,194.5
1150,25,13.194337995222853,-153074.0,101,214.2
1154,27,9.767198611822678,-153332.0,101,188.4
1155,27,8.490788079812187,-153602.0,101,131.1
1156,23,9.792602461877493,-153849.0,101,83.4
1157,22,11.194035500910939,-154078.0,101,69.9
1158,20,13.835674072003513,-154285.0,101,78.9
1162,16,20.04537330461119,-154461.0,101,65.1
1163,16,19.81651257315141,-154625.0,101,74.1
1164,16,19.296196532767805,-154781.0,101,83.1
1165,19,21.017024973660988,-154962.0,101,92.1
1166,21,21.82936191986457,-155159.0,101,101.7
1170,21,17.087918226941216,-155369.0,101,85.9
1171,23,15.024641603826092,-155599.0,101,98.60000000000001
1172,22,13.361726833283297,-155828.0,101,113.6
1173,24,13.17286970834079,-156060.0,101,129.7
1174,27,11.32155698899369,-156320.0,101,147.5
1178,23,13.182503413658807,-156561.0,101,136.6
1179,26,16.167621651651057,-156815.0,101,152.8
1180,24,16.934962770405324,-157054.0,101,170.70000000000002
1181,25,16.34889093932187,-157305.0,101,189.70000000000002
1182,25,15.562117493263486,-157555.0,101,208.70000000000002
1186,23,11.210541872260013,-157788.0,101,145.9
1187,22,9.779785306125916,-158013.0,101,97.0
1188,20,10.72805893373468,-158214.0,101,74.2
1189,19,14.60124376310627,-158428.0,101,82.2
1190,19,15.867862015461847,-158618.0,101,90.2
1194,17,18.58954732384559,-158782.0,102,57.9
1195,15,19.99905561749952,-158944.0,102,65.3
1196,17,21.201401062550588,-159098.0,102,73.3
1197,19,22.285239815709613,-159281.0,102,81.3
1201,21,18.178390673828787,-159493.0,102,60.6
1202,21,15.668554829243483,-159703.0,102,71.1
1203,20,13.688463075031677,-159907.0,102,84.2
1204,21,13.444239271636832,-160111.0,102,98.8
1205,24,12.316832118433355,-160340.0,103,114.5
1209,22,10.196527191102337,-160581.0,103,122.7
1210,24,11.625154907617798,-160803.0,103,140.1
1211,21,11.88915145713639,-161038.0,103,158.1
1212,22,12.378438651795747,-161250.0,103,176.6
1213,23,12.865773869727246,-161477.0,103,195.6
1217,21,12.229711709758226,-161701.0,103,209.8
1218,21,10.76296450670098,-161911.0,103,115.9
1219,18,10.56218318539769,-162106.0,103,83.89999999999999
1220,18,12.021007187829403,-162286.0,103,57.0
1221,16,12.852943045719325,-162455.0,103,63.0
1225,14,18.70437286020603,-162604.0,103,42.9
1226,15,19.743733789632184,-162753.0,103,48.4
1227,15,18.991793714911903,-162899.0,103,54.4
1228,15,16.564382981841707,-163049.0,103,60.7
1229,17,16.97751706359909,-163212.0,103,67.7
1230,16,14.864762117766626,-163376.0,103,76.10000000000001
1231,17,15.570403830377046,-163544.0,103,85.10000000000001
1232,18,15.412417678095958,-163726.0,103,95.7
1236,18,13.587962168504738,-163913.0,103,95.2
1237,18,11.21296913012037,-164093.0,103,108.2
1238,17,11.149876615475687,-164272.0,103,121.60000000000001
1239,18,11.90062478797743,-164450.0,103,137.6
1240,20,13.801630164806296,-164641.0,103,153.6
1244,19,14.016125006514082,-164835.0,103,167.0
1245,20,14.026569214531072,-165032.0,103,181.0
1246,18,13.788363455683859,-165218.0,103,196.7
1247,20,16.475304472133484,-165402.0,103,212.7
1248,20,14.71740433821239,-165602.0,104,228.7
1252,18,7.752251950785059,-165787.0,104,191.6
1253,17,6.904822744924738,-165966.0,104,117.89999999999999
1254,16,9.35565380833177,-166131.0,104,53.7
1255,15,10.722610777869813,-166289.0,104,59.7
1256,14,14.47524982987232,-166430.0,104,65.7
1260,11,23.169921939015335,-166554.0,104,45.4
1261,11,25.252853242525173,-166668.0,104,50.4
1262,10,24.488866479335638,-166771.0,104,55.4
1263,13,26.13004826324033,-166895.0,104,60.6
1264,16,25.97820187729994,-167037.0,104,66.89999999999999
1265,15,23.78155637349511,-167194.0,104,73.9
1269,18,17.017950694693482,-167360.0,104,59.400000000000006
1270,18,12.925291336865149,-167540.0,104,67.8
1271,17,11.735901428382567,-167721.0,104,77.0
1272,18,13.733757652141879,-167897.0,104,89.10000000000001
1273,18,11.999722312901918,-168077.0,104,102.2
1277,21,14.88405525800887,-168275.0,104,113.1
1278,22,16.16750883997655,-168486.0,104,127.1
1279,20,15.26520206814896,-168697.0,104,142.0
1280,22,16.254729044090446,-168908.0,104,159.0
1281,22,12.945772224745719,-169128.0,104,176.8
1285,21,9.484286918753341,-169341.0,104,201.6
1286,21,8.966675335721616,-169551.0,104,123.7
1287,20,8.279939545875264,-169758.0,104,79.0
1288,20,8.475254969768997,-169958.0,104,66.8
1289,19,9.362184515139717,-170148.0,104,60.6
1293,15,17.12301017932771,-170321.0,104,40.7
1294,14,16.23178112370682,-170470.0,104,46.300000000000004
1295,16,18.036080202177153,-170618.0,104,52.3
1296,17,17.52115645232623,-170784.0,104,58.3
1297,17,17.345905685419645,-170954.0,104,65.0
1298,17,18.78988887343561,-171130.0,104,73.0
1299,19,22.15670387474472,-171311.0,104,81.8
1300,19,21.999645870794208,-171493.0,104,91.8
1301,18,21.062592615165027,-171680.0,104,103.2
1302,21,19.505976512181743,-171876.0,104,115.5
1303,19,17.268480165458886,-172071.0,104,129.2
1304,21,18.308587360719,-172277.0,104,143.8
1305,20,16.305261484362006,-172470.0,104,158.8
1306,19,15.408764299911097,-172666.0,105,173.8
1307,19,14.53212488399121,-172858.0,105,189.5
1308,21,14.009966400117642,-173057.0,105,206.5
1309,22,14.554054012809843,-173275.0,105,223.5
1310,22,13.051483957236801,-173496.0,105,240.5
1311,23,13.611438629529447,-173718.0,105,257.5
1312,23,14.087723679696492,-173951.0,105,275.1
1313,22,14.378762559791806,-174174.0,105,293.6
1314,21,13.860453439664138,-174389.0,105,312.6
1315,22,15.393485112976231,-174605.0,105,331.6
1316,23,15.09359347703314,-174819.0,105,350.6
1317,21,13.832162756137754,-175045.0,105,369.6
1318,23,14.27351982502447,-175267.0,105,388.6
1319,21,12.879432614040809,-175484.0,105,407.6
1320,23,14.377836722523911,-175696.0,105,426.6
1321,21,13.185067510551884,-175912.0,105,445.6
1322,23,14.76506937736707,-176136.0,105,464.6
1323,21,12.674518963300594,-176353.0,106,483.6
1324,22,14.882823368417691,-176575.0,106,502.6
1325,21,11.380006825930964,-176785.0,106,521.6
1329,21,9.2100599755952,-176995.0,106,498.5
1330,21,5.518587666835647,-177205.0,106,515.5
1331,21,8.242714787249513,-177415.0,106,533.8000000000001
1332,21,8.598883335016682,-177625.0,106,552.8000000000001
1333,21,5.760344561422491,-177835.0,106,571.8000000000001
1337,22,13.453797229201049,-178058.0,106,546.4
1338,23,13.878926972620969,-178281.0,106,563.4
1339,21,13.030126296514826,-178497.0,106,580.5
1340,23,15.050902759489936,-178718.0,106,598.5
1341,23,12.012824075276706,-178948.0,106,617.4
1345,21,10.403221207303552,-179168.0,106,492.90000000000003
1346,22,7.589953299128649,-179384.0,106,322.2
1347,20,9.254945300023147,-179593.0,106,161.0
1348,19,8.513384743695322,-179791.0,106,56.7
1349,18,11.644946706270646,-179974.0,106,62.7
1353,15,17.382963572348782,-180136.0,106,36.0
1354,16,16.220913747484204,-180298.0,107,41.0
1355,14,16.35548012012544,-180445.0,107,46.0
1356,16,19.573074449791864,-180597.0,107,51.6
1357,17,18.208367990737848,-180759.0,107,59.4
1358,16,19.489614047577234,-180934.0,107,67.9
1359,19,21.38242787148201,-181120.0,107,77.7
1360,17,20.917460100019863,-181297.0,107,88.7
1361,17,20.468788240170063,-181470.0,107,100.7
1362,18,17.514902516894356,-181645.0,107,114.1
1366,19,10.597357440686727,-181834.0,107,119.1
1367,20,10.566524150907213,-182025.0,107,133.6
1368,19,11.253860094310715,-182214.0,107,149.70000000000002
1369,19,10.387686973672704,-182404.0,107,166.7
1370,20,11.085447554602814,-182608.0,107,183.7
1374,20,14.328807155378776,-182808.0,107,205.1
1375,20,15.281155386955952,-183007.0,107,220.5
1376,19,15.21761174070651,-183198.0,107,236.5
1377,21,15.290487558657047,-183399.0,107,252.5
1381,20,9.51147989657494,-183600.0,107,262.0
1382,20,8.477523705169196,-183800.0,107,177.0
1383,18,7.957560794239674,-183998.0,107,98.6
1384,18,10.125435544171268,-184178.0,107,53.0
1385,16,12.17878801251832,-184349.0,107,59.0
1389,14,20.502920451902092,-184505.0,107,39.2
1390,14,21.914848448295604,-184645.0,107,44.2
1391,12,19.563444324981994,-184773.0,107,50.4
1392,15,21.311222977155083,-184900.0,107,57.4
1393,16,20.796302788906054,-185059.0,107,64.4
1394,18,22.028417622427806,-185231.0,109,71.6
1395,17,22.605678988265762,-185396.0,109,80.2
1396,16,21.82856757262484,-185572.0,109,89.4
1397,20,20.931734313900844,-185762.0,109,99.8
1398,18,19.10427578064283,-185947.0,109,111.2
1399,18,18.958706230166275,-186143.0,109,123.2
1400,19,17.203979738120054,-186326.0,109,136.5
1401,20,15.522184950465565,-186520.0,110,150.5
1402,20,16.368864926347136,-186720.0,110,164.5
1403,21,16.10457629411464,-186915.0,110,180.0
1404,19,14.611531776966395,-187114.0,110,196.0
1405,21,15.702010417102402,-187317.0,110,212.0
1406,20,15.393289643447812,-187516.0,110,228.6
1407,20,16.398847877907357,-187720.0,110,245.6
1408,21,17.034131978839934,-187918.0,110,262.6
1409,20,17.55953176947168,-188116.0,110,279.6
1413,19,12.638411166820111,-188320.0,110,274.2
1414,19,9.509986744811538,-188510.0,110,289.7
1415,18,11.12510384731488,-188702.0,110,305.9
1416,19,9.733660020360922,-188891.0,110,322.9
1417,20,10.257399457254891,-189082.0,110,339.9
1421,19,13.424948894210383,-189283.0,110,331.0
1422,20,15.059080684532944,-189474.0,110,312.1
1423,19,17.619177205149505,-189672.0,110,326.8
1424,19,17.634807941152445,-189862.0,110,341.8
1425,19,16.625494869936155,-190056.0,110,356.8
1429,18,10.074044471161653,-190247.0,110,342.8
1430,18,9.641079760181297,-190427.0,110,185.3
1431,17,9.359809655232072,-190598.0,110,75.4
1432,17,7.3078619521549095,-190768.0,110,55.8
1433,16,11.464831193931568,-190930.0,110,61.8
1437,14,19.516732769463303,-191080.0,110,40.1
1438,14,16.469979890646552,-191220.0,110,45.7
1439,13,15.520171531122209,-191355.0,110,51.7
1440,15,16.264525232365212,-191500.0,110,57.7
1441,15,16.691441089880197,-191650.0,110,63.9
1445,18,10.69523332947245,-191813.0,110,59.0
1446,19,8.390325415111901,-191997.0,110,70.60000000000001
1447,19,9.571251028725102,-192192.0,110,83.0
1448,19,10.995884283843623,-192382.0,110,96.9
1449,22,12.231216105723648,-192578.0,110,110.9
1453,21,12.331434050568996,-192791.0,110,129.5
1454,22,14.094460857186945,-193010.0,110,145.5
1455,21,13.312427049653447,-193224.0,110,161.8
1456,23,13.2363348226565,-193440.0,110,179.3
1457,23,12.432699088666173,-193670.0,110,198.3
1461,22,11.231927108924932,-193895.0,110,186.5
1462,20,6.789422238122891,-194109.0,110,129.0
1463,20,8.676361435777606,-194309.0,110,82.3
1464,18,7.970845599806393,-194506.0,110,59.400000000000006
1465,18,11.440207997120005,-194686.0,110,65.4
1469,13,23.041471445313366,-194828.0,110,44.5
1470,13,21.962583001897258,-194958.0,110,50.5
1471,14,24.573208781364762,-195081.0,110,57.3
1472,15,24.144943753954696,-195230.0,111,64.3
1473,18,23.690720907525648,-195388.0,111,71.7
1474,16,22.294305285648043,-195555.0,112,79.7
1475,19,22.46591041019092,-195736.0,112,88.7
1476,19,21.42644471082552,-195912.0,112,98.7
1477,18,18.33161225671346,-196094.0,113,109.6
1478,20,19.35733421065117,-196289.0,113,120.9
1482,19,12.70240392957803,-196479.0,113,122.7
1483,19,11.979893237024989,-196669.0,113,136.2
1484,19,11.320090934019355,-196861.0,113,151.0
1485,19,7.723835229379552,-197051.0,113,166.5
1486,21,11.440200469512817,-197252.0,113,182.5
1490,20,14.521638255745499,-197452.0,113,170.0
1491,19,14.178812820934276,-197649.0,113,184.1
1492,20,16.35768125553835,-197847.0,113,199.1
1493,20,13.736941406506597,-198047.0,113,214.1
1494,19,13.657659009156161,-198240.0,113,229.5
1498,19,10.369168726821167,-198430.0,113,187.3
1499,18,10.417964269407602,-198617.0,113,110.10000000000001
1500,17,12.076671316122008,-198790.0,113,63.7
1501,16,14.41289068552784,-198959.0,113,56.1
1502,15,16.572677318144727,-199110.0,113,62.1
1506,15,17.707333590624692,-199259.0,114,44.9
1507,14,17.154956799854254,-199404.0,114,51.900000000000006
1508,17,19.27457355938661,-199545.0,114,59.300000000000004
1509,17,19.623796852517707,-199715.0,115,67.3
1510,19,18.691714547213984,-199893.0,115,76.6
1511,17,18.14446636611603,-200070.0,115,86.6
1512,20,18.100499696791505,-200263.0,115,98.1
1513,21,18.575360384372086,-200463.0,116,110.1
1514,20,17.90987240826793,-200667.0,117,123.4
1515,20,18.37224101073719,-200871.0,117,137.4
1516,21,17.85591224497471,-201066.0,117,152.1
1517,20,16.321095235161106,-201272.0,118,167.3
1518,22,16.473090695304514,-201490.0,118,183.6
1519,20,13.813413434169645,-201696.0,118,200.6
1520,21,16.131714358914092,-201903.0,118,217.6
1521,21,14.918749942631495,-202107.0,118,234.6
1522,21,14.719710393822545,-202316.0,119,251.9
1523,21,14.718250481259496,-202525.0,119,269.9
1524,21,13.203195346303866,-202735.0,119,287.9
1525,21,15.244742394609975,-202947.0,119,305.9
1526,21,15.44483461399018,-203160.0,119,323.9
1527,21,15.934508880516358,-203369.0,119,341.9
1528,20,16.35083925981542,-203582.0,119,359.9
1529,22,16.559932236067905,-203792.0,119,377.9
1530,21,16.135364185102993,-204002.0,119,395.9
1531,21,16.21359705089936,-204214.0,119,413.9
1532,20,13.84548803032534,-204416.0,119,431.9
1533,20,15.186624842546266,-204629.0,120,449.9
1537,20,10.153704708128485,-204834.0,120,432.4
1538,20,8.287504191288178,-205034.0,120,449.1
1539,20,10.05433012653252,-205240.0,121,466.4
1540,20,9.136558489066752,-205440.0,121,484.4
1541,22,11.365463730174863,-205643.0,121,502.4
1545,20,12.377395381011441,-205853.0,121,482.8
1546,22,14.43669731925203,-206057.0,121,457.2
1547,20,14.122277496582166,-206271.0,121,473.0
1548,21,14.288110554170215,-206473.0,121,489.2
1549,20,12.651748017563238,-206674.0,121,506.2
1553,20,10.038900103703076,-206878.0,121,434.3
1554,20,6.1650744911137245,-207078.0,122,273.9
1555,19,7.371098226277959,-207273.0,122,123.9
1556,19,5.700431744344222,-207463.0,122,58.4
1557,18,9.841370310210197,-207647.0,122,64.4
1561,17,12.729228628976772,-207818.0,122,46.6
1562,16,15.72285066731856,-207985.0,122,53.6
1563,17,17.67270638766984,-208151.0,122,60.6
1564,17,15.820118606883478,-208321.0,122,68.2
1565,21,16.567744325436436,-208503.0,122,76.8
1566,19,18.17615840069511,-208699.0,122,86.5
1567,21,18.682869030662133,-208903.0,122,97.2
1568,20,18.777491296266128,-209101.0,122,109.2
1569,21,18.90728675087151,-209311.0,122,122.5
1570,23,16.996251747456686,-209535.0,122,136.9
1571,21,14.764575027163191,-209752.0,122,151.9
1572,22,16.850167208185535,-209964.0,122,168.2
1573,21,14.125924017352627,-210176.0,122,185.2
1574,23,14.899684655166274,-210396.0,122,202.5
1575,23,14.472844297520039,-210621.0,122,221.1
1576,23,13.033598440226573,-210852.0,122,240.1
1577,23,13.827889239606193,-211085.0,122,259.1
1578,23,14.768045858251416,-211316.0,122,278.1
1579,22,14.068060830895103,-211543.0,122,297.4
1580,23,15.408979843120989,-211780.0,122,317.4
1581,23,14.371388743898088,-212008.0,122,337.4
1582,23,15.097217500246147,-212239.0,122,357.4
1583,22,13.877620802689192,-212466.0,122,377.4
1584,23,13.834004591534892,-212693.0,122,397.4
1585,23,13.819249448634702,-212922.0,122,417.4
1586,22,12.367457714072145,-213149.0,122,437.4
1587,23,13.30254218551483,-213383.0,122,457.4
1588,24,13.833493029052441,-213616.0,123,477.4
1589,22,13.281633039242331,-213849.0,123,497.4
1590,24,14.42441155678585,-214075.0,123,517.4
1591,22,14.316073398252339,-214300.0,123,537.4
1592,24,14.877867128387441,-214534.0,123,557.4
1593,22,11.816861888221448,-214757.0,124,577.4
1594,22,10.978168946595344,-214977.0,124,503.4
1595,22,7.549671517856343,-215197.0,124,521.7
1596,20,6.574771110054656,-215402.0,124,541.7
1597,22,8.672159727531392,-215622.0,124,561.7
1598,23,7.726608363703349,-215844.0,124,581.7
1599,23,9.661127189273092,-216076.0,124,601.7
1600,22,9.464289017450284,-216300.0,124,621.7
1601,22,9.559235057194623,-216520.0,124,641.7
1602,22,12.236474576391334,-216739.0,124,661.7
1603,23,13.471510525727888,-216962.0,124,681.7
1604,24,14.85457413989087,-217201.0,124,701.7
1605,24,16.072635666605517,-217431.0,124,721.7
1606,23,14.949779504034362,-217663.0,124,741.7
1607,24,14.786784797963627,-217900.0,124,761.7
1611,23,12.602028505207446,-218130.0,125,809.4
1612,22,12.704347863530131,-218353.0,125,827.4
1613,22,11.612386820845504,-218573.0,125,845.6
1614,22,10.570775573073831,-218795.0,125,865.6
1618,23,9.736377019002571,-219017.0,125,817.2
1619,23,9.419710852745684,-219247.0,125,774.8
1620,22,9.947962188642533,-219485.0,125,793.7
1621,23,11.650493092110892,-219710.0,125,812.7
1622,23,10.91617202053497,-219939.0,125,831.7
1626,23,9.886693174945622,-220172.0,125,779.4
1627,23,10.256122612912232,-220403.0,125,548.8
1628,21,9.75167478575894,-220617.0,125,324.9
1629,21,8.115604603429304,-220827.0,125,110.7
1630,19,10.948033032487684,-221025.0,125,67.3
1634,15,21.38340197283366,-221203.0,125,53.1
1635,15,20.646027692070962,-221353.0,125,54.4
1636,16,20.035397193692106,-221502.0,125,59.699999999999996
1637,16,22.116015617190808,-221662.0,125,65.7
1638,17,22.991313517896828,-221826.0,125,71.89999999999999
1639,18,24.125095961762067,-222003.0,125,79.8
1640,19,23.105591770470067,-222179.0,125,87.8
1641,17,22.099484624569257,-222366.0,126,97.7
1642,20,21.3050753582062,-222552.0,126,107.9
1643,18,17.650481150147936,-222738.0,126,120.5
1644,21,18.960078118487484,-222935.0,126,133.8
1645,19,18.213926410673885,-223128.0,126,147.8
1646,18,16.13997959446719,-223313.0,126,161.8
1650,19,7.299903383451599,-223494.0,126,136.8
1651,18,4.364535073635309,-223682.0,126,150.8
1652,18,4.984273662187112,-223864.0,126,165.3
1653,18,5.783216967545661,-224044.0,126,180.3
1654,19,10.342840218211066,-224229.0,126,195.3
1658,20,15.175177825701704,-224421.0,126,212.5
1659,18,14.919485696245507,-224611.0,126,227.2
1660,18,14.58028728600208,-224791.0,126,242.2
1661,19,13.216127299430804,-224976.0,126,257.2
1662,19,14.71850077922221,-225172.0,126,272.8
1666,19,8.245691000252958,-225362.0,126,165.7
1667,18,7.2759406894632574,-225547.0,126,83.2
1668,17,9.658374820729872,-225718.0,126,33.8
1669,16,12.604535036758943,-225884.0,126,23.799999999999997
1670,14,14.645986427637641,-226033.0,126,27.8
1674,14,15.98503762241187,-226168.0,126,48.0
1675,15,14.855587121093501,-226316.0,126,55.0
1676,15,15.427567101732183,-226466.0,126,62.699999999999996
1677,15,14.449986948236072,-226616.0,126,70.8
1681,16,8.162155067874881,-226767.0,126,73.2
1682,17,5.417647573814528,-226936.0,126,85.2
1683,16,2.853465173010777,-227100.0,126,97.8
1684,18,4.9101360945690935,-227276.0,126,110.8
1685,18,4.871012464094344,-227456.0,126,123.9
1689,18,9.523742182734479,-227640.0,126,138.2
1690,19,11.347360568760209,-227821.0,126,135.2
1691,17,11.675899557467503,-228001.0,126,149.2
1692,19,14.824765360762274,-228177.0,126,163.2
1693,19,14.23267069265808,-228364.0,127,178.2
1697,18,12.259855782756485,-228550.0,127,189.4
1698,18,10.650544630676064,-228730.0,127,101.9
1699,17,9.867128559145835,-228900.0,127,61.0
1700,17,7.841955882903567,-229070.0,127,22.9
1701,16,12.262771304228522,-229232.0,127,26.9
1705,13,20.16279599993148,-229377.0,127,45.6
1706,12,19.745953260360455,-229502.0,127,51.4
1707,14,17.995512956186477,-229627.0,127,57.4
1708,14,19.200376543542383,-229767.0,127,64.2
1709,14,18.10787291417376,-229907.0,127,71.2
1713,16,8.368141059627614,-230057.0,127,63.3
1714,17,6.335883313177143,-230227.0,127,73.3
1715,16,7.261560503823133,-230383.0,127,83.6
1716,17,11.055158427658407,-230553.0,127,95.6
1717,19,12.50882345224418,-230733.0,127,107.6
1721,18,14.025630032479157,-230917.0,127,99.7
1722,19,14.711699418002349,-231102.0,127,111.7
1723,18,16.353299606959574,-231282.0,127,125.6
1724,18,15.477401112226485,-231464.0,128,140.4
1725,18,16.211880507908678,-231644.0,128,155.4
1729,19,11.531347720408139,-231835.0,128,131.7
1730,17,8.486176357217364,-232019.0,128,75.1
1731,17,11.654382812150745,-232189.0,128,28.6
1732,15,10.295294686214966,-232356.0,128,24.8
1733,15,13.504674322281733,-232506.0,128,28.8
1737,13,22.9116622790788,-232634.0,128,50.7
1738,13,23.95557478325505,-232762.0,128,57.7
1739,12,23.06322103690708,-232891.0,128,64.7
1740,13,23.434187618965336,-233015.0,128,71.7
1741,13,20.702038011307625,-233146.0,128,78.7
1745,15,8.670958271468548,-233288.0,128,57.6
1746,14,9.71430669567605,-233433.0,128,65.5
1747,16,11.096561949990866,-233578.0,128,73.5
1748,17,10.271441531016311,-233741.0,128,83.4
1749,19,14.78314395139259,-233924.0,128,94.4
1753,18,14.32438590241116,-234104.0,128,72.1
1754,18,14.30287327539422,-234284.0,128,83.0
1755,17,14.710580190232477,-234455.0,128,94.4
1756,17,14.005580516388068,-234621.0,128,106.8
1760,17,7.9535756344848805,-234796.0,128,121.4
1761,17,7.9760627593906435,-234966.0,128,72.2
1762,15,7.513652804103928,-235134.0,128,33.6
1763,15,8.248352186856001,-235284.0,128,22.2
1764,14,11.897810962302344,-235432.0,128,26.2
1768,12,19.658119771927783,-235568.0,128,44.8
1769,13,17.30887252138945,-235693.0,128,51.0
1770,14,18.815902331209994,-235833.0,128,58.0
1771,14,17.47199263308532,-235973.0,128,65.0
1772,14,16.09430849462699,-236113.0,128,72.6
1776,18,4.722440750930571,-236276.0,128,69.2
1777,18,6.501233689908709,-236456.0,128,79.4
1778,18,9.288455881398972,-236632.0,128,91.3
1779,18,7.772852073507982,-236812.0,128,103.3
1780,19,7.803872501895293,-237000.0,128,116.8
1784,19,10.869193808474918,-237198.0,128,112.3
1785,21,12.123554915243103,-237401.0,128,126.2
1786,19,12.120306723657547,-237603.0,128,141.2
1787,20,12.236515493856247,-237802.0,128,156.2
1788,20,12.885270586765815,-238002.0,128,172.1
1792,19,9.678136443211475,-238202.0,128,152.4
1793,17,6.657207947615753,-238390.0,128,94.7
1794,17,9.075816175973227,-238560.0,128,46.7
1795,17,8.372918720562652,-238730.0,128,23.5
1796,15,14.013746725543445,-238880.0,128,27.5
1800,13,18.248766821574787,-239017.0,128,45.300000000000004
1801,13,16.151894563376345,-239147.0,128,51.3
1802,13,17.011179337766368,-239277.0,128,57.3
1803,13,15.9562349216021,-239407.0,128,64.1
1804,14,14.737320737132482,-239542.0,128,71.7
1808,16,4.947430075297422,-239696.0,128,69.3
1809,15,4.884097751819462,-239854.0,128,80.3
1810,16,8.892850350065013,-240013.0,128,91.3
1811,16,8.721533716591926,-240173.0,128,103.10000000000001
1812,19,12.609558219910625,-240351.0,128,115.9
1816,17,14.077036568722468,-240523.0,128,124.4
1817,18,16.53142804202728,-240704.0,128,137.5
1818,17,16.198024730072888,-240876.0,128,151.5
1819,19,16.58560830464598,-241055.0,128,166.3
1820,19,15.15955843553874,-241245.0,129,181.3
1824,17,11.067006794808574,-241417.0,129,110.5
1825,16,8.681439165237375,-241579.0,129,50.7
1826,15,11.26282827560677,-241729.0,129,19.2
1827,14,14.814279997243656,-241879.0,129,23.0
1828,13,17.973563907772757,-242017.0,129,27.0
1832,12,23.86202060421251,-242137.0,129,43.5
1833,12,21.706781617449696,-242257.0,129,48.9
1834,13,20.246161837858,-242380.0,129,55.0
1835,14,20.073527697713548,-242520.0,129,62.0
1839,15,9.04325486024443,-242661.0,130,55.6
1840,16,6.71737440106108,-242817.0,130,65.3
1841,16,6.165760219274651,-242977.0,130,75.5
1842,17,7.957125511134504,-243143.0,130,87.0
1843,19,11.463350513779279,-243317.0,130,99.0
1847,17,13.957433902015978,-243503.0,130,109.5
1848,19,17.358867661686176,-243683.0,130,108.4
1849,17,16.694029553479236,-243862.0,130,120.9
1850,18,17.254197108417003,-244040.0,130,133.9
1851,18,14.591267498376142,-244217.0,130,146.9
1855,19,9.942070947680435,-244401.0,130,158.0
1856,18,8.873674142888284,-244588.0,130,78.2
1857,17,9.902826663024516,-244764.0,130,30.0
1858,17,9.80460064516788,-244934.0,130,23.5
1859,16,10.87201523959254,-245094.0,130,23.4
1863,13,18.911175494501304,-245240.0,130,42.8
1864,14,15.901238164096842,-245375.0,131,49.4
1865,14,17.430877348466087,-245515.0,131,56.4
1866,14,16.124907771245503,-245655.0,131,63.4
1867,16,13.365971543657642,-245799.0,131,71.2
1871,18,5.982899511222923,-245967.0,132,71.1
1872,18,5.911494274725172,-246147.0,132,82.3
1873,17,6.735206226495647,-246316.0,132,94.3
1874,18,10.733674352925531,-246496.0,132,107.1
1875,20,11.850100340048984,-246687.0,132,121.1
1879,19,13.914115970577377,-246881.0,132,118.5
1880,21,15.672244703824605,-247081.0,132,131.5
1881,19,14.748821225302297,-247279.0,132,144.8
1882,18,13.966916157090214,-247466.0,132,160.3
1883,20,16.361753330652054,-247661.0,132,176.3
1887,18,13.251106649158354,-247847.0,132,151.7
1888,18,9.797518180117132,-248027.0,132,89.8
1889,16,10.198297623687242,-248193.0,132,38.0
1890,15,11.788874389862292,-248349.0,132,21.9
1891,14,14.016444458517581,-248491.0,132,25.9
1895,11,23.18700499427947,-248600.0,132,42.3
1896,11,22.979748251159624,-248710.0,132,48.0
1897,12,21.7208704103723,-248830.0,132,54.0
1898,13,21.975283372678618,-248951.0,132,60.0
1899,13,16.40235105010669,-249081.0,132,66.6
1903,15,4.885669514563372,-249229.0,132,57.4
1904,15,4.390647073400303,-249379.0,132,66.4
1905,16,10.511860639750484,-249533.0,132,76.6
1906,16,9.171337929849042,-249693.0,132,87.6
1907,17,12.131404132063766,-249861.0,132,98.89999999999999
1911,19,14.080544611560981,-250046.0,132,105.89999999999999
1912,18,12.791468472929148,-250231.0,133,119.8
1913,18,14.218801196583442,-250409.0,133,134.79999999999998
1914,19,12.994902486067996,-250595.0,133,149.79999999999998
1918,17,10.843485255019212,-250780.0,133,163.7
1919,19,13.23909992303967,-250964.0,133,101.9
1920,17,12.007201609522326,-251145.0,133,51.3
1921,17,9.635415048241079,-251315.0,133,23.5
1922,16,11.601203156513396,-251479.0,133,27.5
1926,14,20.95521259937425,-251634.0,133,43.6
1927,13,19.805797477117537,-251766.0,133,49.4
1928,14,17.598423430479674,-251902.0,133,55.6
1929,15,17.964420869901577,-252049.0,133,63.4
1930,15,18.139734727385413,-252199.0,133,71.6
1934,17,7.0752585086438415,-252355.0,133,66.8
1935,18,4.764645886065175,-252530.0,133,77.8
1936,17,8.388469735910295,-252703.0,133,89.3
1937,18,9.624748375780307,-252883.0,133,102.3
1938,19,10.69007711266933,-253064.0,133,115.3
1942,20,13.123228664040555,-253269.0,133,114.4
1943,20,12.67178578043022,-253469.0,133,112.6
1944,19,12.65501500817105,-253665.0,133,125.8
1945,20,14.34956753441064,-253857.0,133,140.8
1946,20,12.67536161216642,-254049.0,133,156.7
1950,20,11.299358394592204,-254244.0,133,136.1
1951,19,9.727183195887601,-254443.0,133,79.8
1952,18,10.789364259895978,-254628.0,133,33.9
1953,18,11.579045111445009,-254808.0,133,20.3
1954,16,13.94711451619751,-254973.0,133,24.3
1958,16,19.431185371919433,-255136.0,133,44.4
1959,16,17.196104459095732,-255296.0,133,52.4
1960,16,16.13627294021995,-255456.0,133,60.4
1961,17,14.081123691844905,-255626.0,133,69.2
1962,17,10.148837597816142,-255796.0,134,79.2
1966,17,0.8060861447409462,-255966.0,135,89.0
1967,16,1.576298544789365,-256134.0,135,103.0
1968,17,6.669406228652034,-256305.0,135,117.5
1969,17,7.090107678288186,-256475.0,135,132.5
1970,18,11.642156180688163,-256656.0,135,147.5
1974,17,14.093308359601226,-256828.0,135,115.10000000000001
1975,17,14.604692397094054,-256998.0,135,125.5
1976,16,17.03918077082361,-257153.0,135,136.5
1977,17,17.906050133174507,-257313.0,135,148.4
1978,16,16.331798226779878,-257473.0,136,160.4
1982,16,12.163977103382075,-257633.0,136,79.5
1983,14,9.55195916684942,-257787.0,136,17.6
1984,14,13.743042830920995,-257927.0,136,21.6
1985,12,15.823517934174351,-258063.0,136,25.6
1986,14,19.5913290697922,-258189.0,136,29.6
1990,11,23.71067505771656,-258299.0,136,51.2
1991,13,22.625270430965156,-258426.0,136,58.3
1992,13,21.30368262506372,-258556.0,136,66.3
1993,14,19.93366534477299,-258694.0,136,74.3
1997,16,6.999631233425775,-258845.0,136,68.6
1998,17,3.9541339295833944,-259013.0,136,78.3
1999,17,3.30026878977856,-259183.0,136,88.6
2000,17,5.17055030358708,-259351.0,136,100.10000000000001
2001,17,4.571812822358575,-259521.0,136,112.3
2005,19,7.6322519115899885,-259700.0,136,123.0
2006,19,7.693848029474893,-259890.0,136,100.4
2007,17,8.444076156727519,-260070.0,136,113.60000000000001
2008,19,12.626369706205784,-260254.0,136,128.1
2009,18,13.188519144965065,-260431.0,136,143.1
2013,17,11.316612827832145,-260610.0,136,157.6
2014,18,9.220023904658985,-260785.0,136,82.2
2015,17,9.138628083775822,-260956.0,136,38.1
2016,17,9.157770527726719,-261126.0,136,24.0
2017,16,13.296319295147677,-261288.0,136,28.0
2021,13,19.542131218077788,-261433.0,136,44.199999999999996
2022,12,19.33187800803155,-261559.0,136,50.2
2023,13,19.148084715563844,-261687.0,136,56.2
2024,14,17.665588576847536,-261825.0,136,62.8
2025,14,15.221008292544385,-261965.0,137,70.3
2029,17,8.843070197276024,-262122.0,137,61.6
2030,17,8.196313772520146,-262292.0,137,71.5
2031,17,11.30382328948658,-262464.0,137,82.0
2032,17,10.356615490063733,-262634.0,137,94.0
2033,19,9.973979420244492,-262814.0,137,106.0
2037,19,11.307228752043372,-263002.0,137,100.9
2038,19,10.942124048296565,-263192.0,137,114.0
2039,21,12.713156144370279,-263381.0,137,130.0
2040,20,9.733920206080898,-263589.0,137,146.0
2041,21,11.52916263979614,-263791.0,137,162.0
2045,19,6.448185928286453,-263986.0,137,145.9
2046,19,6.327105676926147,-264176.0,137,76.1
2047,17,7.143464918872715,-264351.0,138,47.0
2048,16,10.83761788429217,-264517.0,138,27.6
2049,15,13.869844140775555,-264668.0,138,31.6
2053,13,17.538578245212893,-264802.0,138,49.6
2054,13,16.83672417843969,-264932.0,138,55.6
2055,13,17.605720235846782,-265062.0,138,61.800000000000004
2056,13,15.63847918624921,-265192.0,138,68.8
2057,14,13.264852980846875,-265327.0,138,76.7
2061,14,4.408871550283482,-265467.0,138,72.7
2062,13,2.1622496394955437,-265603.0,138,83.7
2063,14,12.272745976543696,-265731.0,138,94.7
2064,14,11.602707672476546,-265871.0,138,106.4
2065,18,14.628930966124667,-266035.0,138,118.4
2069,16,15.132550127641702,-266195.0,138,117.6
2070,18,16.75369207383812,-266372.0,138,128.2
2071,18,17.545479388874504,-266544.0,138,141.2
2072,19,16.256417019738272,-266730.0,138,154.6
2076,17,10.08206895274557,-266922.0,140,165.3
2077,18,11.884112497398108,-267099.0,140,96.60000000000001
2078,16,9.0280461256857,-267277.0,140,36.5
2079,16,9.929572135877953,-267437.0,141,19.5
2080,14,15.203531936580628,-267587.0,141,23.5
2084,11,26.398186181717833,-267721.0,141,33.4
2085,10,25.439954323647218,-267823.0,141,37.0
2086,12,24.775054693951994,-267934.0,141,41.2
2087,12,23.908565953861938,-268056.0,141,46.2
2088,13,22.20445269101353,-268178.0,141,51.199999999999996
2092,14,10.049906645342446,-268311.0,141,39.699999999999996
2093,16,7.59463780255007,-268466.0,141,47.7
2094,16,11.166971583022994,-268630.0,141,57.1
2095,16,9.673359663432167,-268790.0,141,67.1
2096,18,12.152036722140865,-268953.0,141,78.2
2100,16,15.24859725700204,-269123.0,141,97.2
2101,18,17.406597875084937,-269289.0,141,109.2
2102,16,16.827808694526787,-269461.0,141,121.9
2103,18,16.27846047455381,-269633.0,142,135.4
2104,18,15.556627753317711,-269813.0,142,149.4
2108,18,13.156094614333632,-269990.0,142,139.7
2109,18,8.255642326003297,-270170.0,142,78.9
2110,17,8.456592909518388,-270344.0,142,29.4
2111,17,10.219059753768873,-270514.0,142,21.5
2112,16,13.116741317935574,-270677.0,142,25.5
2116,13,19.22804439751578,-270822.0,142,45.6
2117,14,18.880161856509687,-270955.0,142,52.3
2118,15,17.493204903538192,-271099.0,142,46.7
2119,15,17.901675228717597,-271249.0,142,52.7
2120,15,17.35595135010458,-271401.0,142,58.7
2124,17,7.321136604812418,-271565.0,143,51.2
2125,17,8.665399602332084,-271739.0,143,60.7
2126,17,7.270130586851687,-271909.0,143,71.7
2127,17,7.979253771708225,-272079.0,143,83.3
2128,18,10.033072364143752,-272262.0,143,96.3
2132,17,9.325093820788064,-272433.0,143,103.6
2133,18,12.693286029594331,-272609.0,143,116.6
2134,17,12.996869995363886,-272781.0,143,130.6
2135,17,13.67511990548533,-272952.0,143,144.6
2136,18,15.961670370712389,-273126.0,143,158.6
2140,16,11.694925744567499,-273288.0,143,95.2
2141,16,10.683921346504205,-273447.0,143,43.6
2142,15,11.116973728926345,-273597.0,143,23.1
2143,13,12.285481362862503,-273738.0,143,27.1
2144,13,19.04013416496243,-273868.0,143,31.1
2148,12,21.487472048969128,-273980.0,143,48.2
2149,12,21.151737633531784,-274100.0,143,55.0
2150,13,20.451547240565123,-274224.0,143,62.0
2151,13,18.834891099055664,-274354.0,143,69.0
2155,15,11.428735518078522,-274493.0,144,59.7
2156,16,9.343294867412535,-274644.0,144,68.7
2157,16,8.512355691871674,-274804.0,144,79.0
2158,17,7.794472324641429,-274971.0,144,90.0
2159,17,7.077009078703878,-275141.0,144,101.7
2163,19,13.361129432812257,-275324.0,144,110.3
2164,19,12.790018963965707,-275514.0,144,108.3
2165,18,12.506964209058884,-275703.0,144,121.5
2166,18,12.864924764640056,-275883.0,144,135.5
2167,18,12.566800592374062,-276065.0,145,149.5
2171,19,11.571328562631852,-276250.0,145,142.3
2172,19,7.634388500322501,-276440.0,146,67.10000000000001
2173,17,8.841030625206358,-276622.0,146,36.1
2174,17,6.957605039104967,-276792.0,146,30.3
2175,16,11.395427214196943,-276952.0,146,35.3
2179,14,18.223467064995525,-277104.0,146,60.8
2180,15,19.336662003774048,-277246.0,146,68.6
2181,15,17.214587012238113,-277396.0,146,76.9
2182,15,15.999470560903811,-277546.0,146,85.9
2183,17,15.075305424170026,-277711.0,146,95.0
2187,19,6.902856974086782,-277890.0,146,74.9
2188,19,8.3379573286474,-278080.0,146,85.5
2189,18,8.182293461941908,-278263.0,146,97.2
2190,18,8.551522440250729,-278443.0,146,109.5
2191,20,11.339886157088069,-278635.0,146,123.2
2195,20,12.60899873233588,-278832.0,146,99.8
2196,20,13.213002740467287,-279036.0,146,112.1
2197,19,13.264280889926782,-279230.0,146,125.8
2198,20,11.62971795931287,-279427.0,147,141.5
2199,18,12.379545377067746,-279609.0,147,157.5
2203,20,11.47231100903241,-279803.0,147,136.8
2204,19,9.537811789445572,-280000.0,147,66.0
2205,18,11.206241354591397,-280182.0,147,35.7
2206,17,12.914755039766444,-280361.0,147,22.7
2207,16,15.949140910291431,-280522.0,147,26.7
2211,14,20.35178673092226,-280666.0,147,47.3
2212,14,18.34001439424678,-280806.0,147,55.3
2213,14,18.277171533566978,-280946.0,147,63.300000000000004
2214,15,17.082871172072693,-281096.0,147,71.3
2215,16,13.305684235832288,-281250.0,147,80.5
2219,18,2.6436017269745924,-281422.0,147,82.7
2220,19,5.863709724101753,-281618.0,147,94.7
2221,18,5.744339281775666,-281799.0,147,107.6
2222,20,10.821106663479402,-281983.0,147,121.6
2223,18,10.993804566128677,-282175.0,147,135.6
2227,19,12.759808780371387,-282365.0,147,116.3
2228,18,12.133715381118506,-282550.0,147,128.8
2229,19,15.759007032623074,-282726.0,147,142.8
2230,17,13.501507662723016,-282910.0,147,157.8
2234,18,14.387938276732582,-283081.0,147,165.0
2235,18,12.281287602689416,-283261.0,148,98.6
2236,16,11.506561489305213,-283437.0,148,40.4
2237,16,12.85025337971168,-283597.0,148,12.299999999999999
2238,14,14.770520035426173,-283746.0,148,16.3
2242,14,18.266292432456446,-283886.0,148,35.1
2243,14,15.279983595117656,-284026.0,148,42.1
2244,15,15.451060288129183,-284167.0,148,49.1
2245,15,14.06071393169636,-284317.0,148,56.3
2246,15,12.949282147700464,-284467.0,148,65.0
2250,16,1.9750695205414655,-284627.0,148,73.3
2251,17,2.192569707049789,-284794.0,148,85.10000000000001
2252,17,6.868321559041542,-284970.0,148,98.1
2253,17,7.018080380772366,-285140.0,148,111.39999999999999
2254,19,11.437633000623604,-285316.0,148,125.39999999999999
2258,17,14.467760968251223,-285494.0,148,121.6
2259,19,18.15399824788063,-285675.0,148,133.6
2260,17,18.165060903850332,-285856.0,148,146.5
2261,16,15.802262352100579,-286025.0,149,159.5
2262,18,18.775890694408087,-286197.0,149,172.5
2266,17,9.926671322670956,-286372.0,149,158.2
2267,16,8.358080519650125,-286537.0,149,90.0
2268,16,7.5175527658579355,-286697.0,149,29.400000000000002
2269,15,10.59228521031286,-286856.0,149,21.1
2270,15,13.106293125610707,-287006.0,149,25.1
2274,13,18.215230567138484,-287140.0,150,44.8
2275,13,16.769922840957726,-287270.0,150,51.8
2276,14,15.26802453317652,-287408.0,150,58.8
2277,14,15.672411464363647,-287548.0,150,65.8
2278,15,14.095827681117482,-287697.0,150,73.7
2282,17,5.721984872139013,-287861.0,150,73.0
2283,17,5.8275488474862485,-288031.0,150,84.0
2284,17,10.498706327674572,-288199.0,150,96.0
2285,17,11.74941504164501,-288369.0,150,108.9
2286,19,13.041037181974394,-288547.0,150,122.3
2290,19,13.592039663487695,-288736.0,150,115.9
2291,19,15.916470180130569,-288929.0,150,128.1
2292,18,15.935973136142138,-289111.0,150,142.0
2293,19,15.104199634016824,-289293.0,151,157.0
2294,21,17.327332129928898,-289496.0,151,172.0
2298,20,8.987466503405505,-289697.0,151,109.7
2299,18,7.728845712920691,-289887.0,151,54.7
2300,18,9.87667562529421,-290067.0,151,18.0
2301,16,13.094593299159953,-290239.0,151,22.0
2302,16,17.643489015577547,-290399.0,151,26.0
2306,14,18.917865797998818,-290539.0,151,46.7
2307,14,17.915047193813226,-290679.0,151,54.7
2308,15,16.943667944704906,-290822.0,151,62.7
2309,15,16.691574565967976,-290972.0,151,70.7
2313,17,7.344901177668172,-291124.0,151,71.7
2314,17,5.681315728261838,-291294.0,151,83.0
2315,15,5.948640480577651,-291457.0,151,95.0
2316,18,7.558698549803147,-291623.0,151,107.6
2317,19,9.425472879755006,-291804.0,151,121.3
2321,19,12.856053927166078,-291994.0,151,135.7
2322,20,13.681218326986961,-292187.0,151,113.6
2323,19,14.800727839062482,-292383.0,151,126.6
2324,19,14.84938710827153,-292573.0,151,139.6
2325,18,14.088335385788975,-292752.0,151,153.2
2329,18,10.302837591434104,-292935.0,151,164.0
2330,18,9.559903749274742,-293115.0,151,66.7
2331,16,8.729091798814057,-293283.0,151,45.4
2332,16,9.953285746820953,-293443.0,152,27.2
2333,14,12.6308310013246,-293586.0,152,32.2
2337,13,19.570953410409867,-293722.0,152,55.0
2338,14,19.41149648524991,-293855.0,152,63.0
2339,14,19.283554739942666,-293995.0,152,71.0
2340,15,17.93495933075459,-294140.0,152,79.0
2341,15,16.547956566505835,-294290.0,153,88.2
2345,17,4.0686015476455655,-294453.0,153,72.7
2346,18,4.57542221554819,-294625.0,153,83.7
2347,16,5.071531834063708,-294791.0,153,94.9
2348,16,5.997135765041205,-294951.0,153,107.5
2349,17,10.884476023777314,-295118.0,153,120.5
2353,16,13.84944149567118,-295278.0,153,110.7
2354,17,16.24173232135343,-295443.0,153,121.7
2355,16,16.313866962400397,-295607.0,153,134.2
2356,16,13.953091450352154,-295767.0,153,147.2
2357,17,16.109474643421667,-295920.0,153,160.2
2361,15,8.539801643741864,-296076.0,153,122.8
2362,15,7.806926232603471,-296226.0,153,59.6
2363,14,7.780405633477159,-296368.0,154,21.0
2364,13,14.432622165634614,-296504.0,154,25.0
2365,13,16.63800712827601,-296634.0,154,29.0
2369,11,19.663216511138984,-296746.0,154,45.3
2370,10,19.809296132495277,-296848.0,154,50.3
2371,10,18.415112554028553,-296948.0,154,55.5
2372,10,18.48583364734943,-297048.0,154,61.5
2373,10,16.678664013039338,-297148.0,154,68.1
2377,10,7.215366071744971,-297248.0,154,55.7
2378,10,11.033770572942426,-297348.0,154,63.7
2379,10,12.988336175895899,-297444.0,154,71.7
2380,11,16.709728940021076,-297545.0,154,79.7
2381,11,17.66873127452744,-297659.0,154,87.7
2385,11,20.90457397178599,-297764.0,154,72.2
2386,12,21.368652435639742,-297883.0,154,79.1
2387,11,22.817302395074332,-297987.0,154,87.1
2388,12,22.354764255587536,-298106.0,154,95.1
2392,10,12.744238627558484,-298223.0,154,83.0
2393,10,14.134770238521453,-298323.0,154,16.3
2394,8,13.213848551027468,-298414.0,154,19.4
2395,8,13.449481507747835,-298494.0,154,23.4
2396,6,17.102233204288993,-298561.0,154,27.400000000000002
2400,4,26.426286577712585,-298617.0,154,43.4
2401,4,27.513794560638082,-298657.0,154,47.4
2402,4,27.844873565783633,-298697.0,154,51.4
2403,4,25.659661320122087,-298737.0,154,55.4
2404,4,25.725031325642835,-298777.0,154,59.4
2405,4,19.431741287686958,-298817.0,154,63.4
2406,4,8.497217790389424,-298857.0,154,67.4
2407,4,8.470297183992518,-298897.0,154,71.4
2411,4,3.271750333202731,-298937.0,154,36.5
2412,3,6.880877536499845,-298974.0,154,38.5
2413,4,22.52892085123048,-299009.0,154,40.5
2414,4,22.177954743372585,-299049.0,154,42.5
2415,5,26.150434056063265,-299094.0,154,44.5
2416,5,31.870273596468436,-299144.0,154,46.5
2417,5,33.547890490749054,-299194.0,154,48.5
2418,4,34.587316794035026,-299235.0,154,50.5
2419,4,37.65106149582604,-299282.0,154,52.5
2420,5,37.85678450639255,-299327.0,154,54.5
2421,4,38.361861701132696,-299384.0,154,56.5
2422,5,35.68241437539361,-299434.0,154,58.5
2423,4,35.27014234889533,-299475.0,154,60.5
2424,4,36.18445630344575,-299516.0,154,62.5
2425,5,35.93068497747041,-299557.0,154,64.5
2426,6,37.61003591861232,-299613.0,154,66.5
2430,5,34.10958941464171,-299658.0,155,0.0
2431,5,33.96406253550068,-299710.0,155,0.7
2432,5,32.93216507496422,-299758.0,155,1.7
2433,6,33.10569079602974,-299815.0,155,2.7
2434,4,30.47665612804708,-299873.0,156,4.2
2435,6,33.0639423131332,-299921.0,156,6.2
2436,5,30.28189228337301,-299978.0,156,8.2
2437,6,31.92241012097649,-300031.0,156,10.2
2438,6,31.12098815963817,-300096.0,156,12.2
2439,6,29.530120960379726,-300156.0,156,14.2
2440,6,32.68745964924026,-300210.0,156,16.2
2441,6,32.26170540195932,-300270.0,156,18.2
2442,6,36.65646074036811,-300325.0,156,20.2
2443,6,38.68238960638062,-300387.0,156,22.2
2444,7,35.72364424211969,-300448.0,156,24.2
2445,6,34.08542747963413,-300512.0,156,26.2
2446,4,32.31079828700291,-300567.0,156,28.2
2447,6,35.3656359240488,-300613.0,156,30.2
2448,5,32.90491521712193,-300670.0,157,32.2
2449,6,35.58859636764979,-300723.0,157,34.2
2450,7,37.57495102879919,-300789.0,157,36.2
2454,4,30.124896730053827,-300838.0,157,44.2
2455,4,25.40368308677038,-300878.0,157,47.0
2456,4,16.665729604514922,-300918.0,157,50.0
2457,4,8.651821032168396,-300958.0,157,53.0
2458,4,9.094035660747055,-300998.0,157,56.699999999999996
2462,4,9.066578006061025,-301038.0,157,72.7
2463,4,0.0,-301078.0,157,76.7
2464,4,0.0,-301118.0,157,80.7
2465,4,0.0,-301158.0,157,84.7
2466,4,0.0,-301198.0,157,88.7
2467,4,0.0,-301238.0,157,92.7
2468,4,0.0,-301278.0,157,96.7
2469,4,0.0,-301318.0,157,100.7
2470,4,0.0,-301358.0,157,104.7
2471,4,0.0,-301398.0,157,108.7
2472,4,0.0,-301438.0,157,112.7
2476,4,2.0586549630975597,-301478.0,157,40.5
2477,4,5.769325983792999,-301518.0,157,42.5
2478,3,16.55608698075994,-301548.0,157,44.5
2479,4,23.047369441376674,-301588.0,157,46.5
2480,6,30.647176772205334,-301637.0,157,48.5
2481,4,33.1259004002779,-301688.0,157,50.5
2482,6,37.96174828901189,-301743.0,157,52.5
2483,4,36.50138698084572,-301787.0,157,54.5
2484,5,35.91711107851667,-301835.0,157,56.5
2485,4,36.69681255504198,-301882.0,157,58.5
2489,4,28.44748950208228,-301924.0,157,0.0
2490,6,29.57587565355202,-301970.0,157,0.7
2491,4,27.859017294763415,-302017.0,157,2.7
2492,5,28.52285651784653,-302061.0,157,4.7
2493,6,31.46743538839305,-302120.0,157,6.7
2494,5,33.70845999110969,-302177.0,157,8.7
2495,5,33.13024288210886,-302227.0,157,10.7
2496,6,35.969610803744224,-302281.0,157,12.7
2497,4,33.839907952572545,-302331.0,157,14.7
2498,6,34.98520347466209,-302385.0,157,16.7
2499,5,36.06926761658237,-302438.0,157,18.7
2500,6,36.25443687105728,-302490.0,157,20.7
2501,6,35.657140454927145,-302553.0,157,22.7
2502,6,33.30049918259551,-302612.0,157,24.7
2503,6,30.025130169788756,-302672.0,158,26.7
2504,6,32.79946849387531,-302726.0,158,28.7
2505,6,31.686526609711137,-302784.0,158,30.7
2506,6,34.16190746538536,-302843.0,158,32.7
2507,6,36.37974714643337,-302911.0,158,34.7
2508,6,37.58591683201997,-302971.0,158,36.7
2509,4,36.521761614049424,-303023.0,158,38.7
2510,5,35.764060381036806,-303068.0,158,40.7
2511,4,34.81555142270871,-303108.0,158,42.7
2512,3,29.240409393682757,-303138.0,158,44.7
2516,2,21.917654119821783,-303165.0,158,52.7
2517,2,13.115385332420226,-303185.0,159,54.7
2518,2,13.0940366099968,-303205.0,159,56.7
2519,2,13.096419960259219,-303225.0,159,58.7
2520,2,13.114842030370369,-303245.0,159,60.7
2524,2,0.0,-303265.0,159,68.7
2525,2,0.0,-303285.0,159,70.7
2526,2,0.0,-303305.0,159,72.7
2527,2,0.0,-303325.0,159,74.7
2528,2,0.0,-303345.0,159,76.7
2532,2,3.517527812344449,-303365.0,159,0.0
2533,2,11.260115353857294,-303385.0,159,0.0
2534,2,28.55566045352652,-303411.0,159,0.0
2535,2,30.89770361332029,-303431.0,159,0.0
2536,3,36.69251020010734,-303455.0,159,0.0
2540,3,35.58202903063675,-303480.0,159,0.0
2541,3,31.58632932362365,-303510.0,159,0.6
2542,3,28.899895500598113,-303540.0,159,1.6
2543,3,25.11661835702724,-303570.0,159,3.3
2544,3,17.166723410916426,-303600.0,159,5.3
2548,3,8.150930319064148,-303630.0,159,14.5
2549,3,0.01323855486997503,-303660.0,159,17.5
2550,3,0.004554896335662704,-303690.0,159,20.5
2551,3,0.0016568695525959985,-303720.0,159,23.5
2552,3,0.000611005478076921,-303750.0,159,26.5
2556,3,0.0,-303780.0,159,38.5
2557,3,0.0,-303810.0,159,41.5
2558,3,0.0,-303840.0,159,44.5
2559,3,0.0,-303870.0,159,47.5
2560,3,0.0,-303900.0,159,50.5
2564,3,5.427987051404004,-303930.0,159,0.0
2565,2,12.262282957637332,-303957.0,159,0.0
2566,2,26.1008443914198,-303973.0,159,0.0
2567,1,30.59052536713007,-303991.0,159,0.0
2568,3,38.25065130859961,-304019.0,159,0.0
2572,2,35.88224269366437,-304040.0,159,0.0
2573,2,33.96971126329836,-304060.0,159,1.2
2574,2,33.914868694431256,-304080.0,159,3.2
2575,2,28.34579559630172,-304100.0,159,5.2
2576,2,23.53661425961597,-304120.0,160,7.2
2580,2,0.0,-304140.0,160,15.2
2581,2,0.0,-304160.0,160,17.2
2582,2,0.0,-304180.0,160,19.2
2583,2,0.0,-304200.0,160,21.2
2587,2,0.0,-304220.0,160,29.2
2588,2,0.0,-304240.0,160,31.2
2589,2,0.0,-304260.0,160,33.2
2590,2,0.0,-304280.0,160,35.2
2591,2,0.0,-304300.0,160,37.2
2595,2,1.8055241009289626,-304320.0,160,0.0
2596,2,9.448467257319315,-304340.0,160,0.0
2597,1,24.954952336913824,-304364.0,160,0.0
2598,2,32.665757094026105,-304381.0,160,0.0
2599,3,36.98157707026199,-304407.0,160,0.0
2603,2,36.4343687640506,-304437.0,160,0.0
2604,2,32.46225512839932,-304457.0,160,0.2
2605,2,32.07888904252979,-304477.0,160,2.2
2606,2,31.878548659740304,-304497.0,160,4.2
2607,2,28.924444783057567,-304517.0,160,6.2
2611,2,0.0,-304537.0,160,14.2
2612,2,0.0,-304557.0,160,16.2
2613,2,0.0,-304577.0,160,18.2
2614,2,0.0,-304597.0,160,20.2
2615,2,0.0,-304617.0,160,22.2
2619,2,0.0,-304637.0,160,30.2
2620,2,0.0,-304657.0,160,32.2
2621,2,0.0,-304677.0,160,34.2
2622,2,0.0,-304697.0,160,36.2
2623,2,0.0,-304717.0,160,38.2
2627,2,3.5954635490539912,-304737.0,160,0.0
2628,1,8.884044286316877,-304755.0,160,0.0
2629,1,13.768115988908022,-304765.0,160,0.0
2630,1,19.022895932161695,-304775.0,160,0.0
2631,1,24.082774640463743,-304785.0,160,0.0
2635,2,35.95992110713554,-304804.0,160,0.0
2636,2,32.59956610647423,-304824.0,160,0.0
2637,2,29.668125287737592,-304844.0,160,0.4
2638,2,28.453673979523547,-304864.0,160,1.4
2639,2,20.94273597360612,-304884.0,161,3.3
2643,2,0.0,-304904.0,161,11.3
2644,2,0.0,-304924.0,161,13.3
2645,2,0.0,-304944.0,161,15.3
2646,2,0.0,-304964.0,161,17.3
2647,2,0.0,-304984.0,161,19.3
2651,2,0.0,-305004.0,161,27.3
2652,2,0.0,-305024.0,161,29.3
2653,2,0.0,-305044.0,161,31.299999999999997
2654,2,0.0,-305064.0,161,33.3
2655,2,0.0,-305084.0,161,35.3
2659,2,7.232533306117093,-305104.0,161,0.0
2660,1,14.358062069735745,-305120.0,161,0.0
2661,2,32.37045919582185,-305133.0,161,0.0
2662,2,34.921990264352075,-305153.0,161,0.0
2663,4,41.27310765003046,-305183.0,161,0.0
2667,2,40.24420364042652,-305203.0,161,0.0
2668,2,36.96831519887561,-305223.0,161,0.0
2669,2,35.1479780696034,-305243.0,161,0.8
2670,2,30.219544320763898,-305263.0,161,2.2
2674,2,0.0,-305283.0,161,10.2
2675,2,0.0,-305303.0,161,12.2
2676,2,0.0,-305323.0,161,14.2
2677,2,0.0,-305343.0,161,16.200000000000003
2678,2,0.0,-305363.0,161,18.200000000000003
2682,2,0.0,-305383.0,161,26.200000000000003
2683,2,0.0,-305403.0,161,28.200000000000003
2684,2,0.0,-305423.0,161,30.200000000000003
2685,2,0.0,-305443.0,161,32.2
2686,2,0.0,-305463.0,161,34.2
2690,2,2.675095854334394,-305483.0,161,0.0
2691,2,10.072788412732924,-305503.0,161,0.0
2692,1,27.13184398288853,-305522.0,161,0.0
2693,2,33.66525032146588,-305540.0,161,0.0
2694,3,38.60650450544253,-305561.0,161,0.0
2698,2,40.51886247856959,-305590.0,161,0.0
2699,2,36.35358473162367,-305610.0,161,0.0
2700,2,33.779758486182544,-305630.0,161,0.4
2701,2,33.092032021378046,-305650.0,161,1.7999999999999998
2702,2,26.242404459819284,-305670.0,162,3.8
2706,2,0.0,-305690.0,162,11.8
2707,2,0.0,-305710.0,162,13.8
2708,2,0.0,-305730.0,162,15.8
2709,2,0.0,-305750.0,162,17.8
2710,2,0.0,-305770.0,162,19.8
2714,2,0.0,-305790.0,162,27.8
2715,2,0.0,-305810.0,162,29.8
2716,2,0.0,-305830.0,162,31.799999999999997
2717,2,0.0,-305850.0,162,33.8
2718,2,0.0,-305870.0,162,35.8
2722,2,5.953921950957422,-305890.0,162,0.0
2723,1,12.843970071045419,-305908.0,162,0.0
2724,2,30.94554274561371,-305913.0,162,0.0
2725,2,33.40706887593035,-305933.0,162,0.0
2726,3,38.664327517788976,-305955.0,162,0.0
2730,2,35.740075320253005,-305980.0,162,0.1
2731,2,34.05030294874716,-306000.0,162,1.1
2732,2,32.67283753332846,-306020.0,162,2.1
2733,2,28.618916498582504,-306040.0,162,3.2
2734,2,20.9837335407855,-306060.0,162,5.199999999999999
2738,2,0.0,-306080.0,162,13.2
2739,2,0.0,-306100.0,162,15.2
2740,2,0.0,-306120.0,162,17.2
2741,2,0.0,-306140.0,162,19.2
2742,2,0.0,-306160.0,162,21.2
2746,2,0.0,-306180.0,162,29.200000000000003
2747,2,0.0,-306200.0,162,31.200000000000003
2748,2,0.0,-306220.0,162,33.2
2749,2,0.0,-306240.0,162,35.2
2753,2,0.9005676933127922,-306260.0,162,0.0
2754,2,8.644708392984876,-306280.0,162,0.0
2755,3,30.96082532023258,-306296.0,162,0.0
2756,2,32.98599382865608,-306316.0,162,0.0
2757,2,35.356114677323525,-306336.0,162,0.0
2761,2,39.84381701473201,-306369.0,162,0.0
2762,2,35.26810112367157,-306389.0,162,0.0
2763,2,34.09446805653567,-306409.0,162,1.6
2764,2,34.00151392428107,-306429.0,162,3.5999999999999996
2765,2,30.88998324072016,-306449.0,162,5.6
2769,2,0.0,-306469.0,162,13.600000000000001
2770,2,0.0,-306489.0,162,15.600000000000001
2771,2,0.0,-306509.0,162,17.6
2772,2,0.0,-306529.0,162,19.6
2773,2,0.0,-306549.0,162,21.6
2777,2,0.0,-306569.0,162,29.6
2778,2,0.0,-306589.0,162,31.6
2779,2,0.0,-306609.0,162,33.599999999999994
2780,2,0.0,-306629.0,162,35.599999999999994
2781,2,0.0,-306649.0,162,37.599999999999994
2785,2,4.287730414674275,-306669.0,162,0.0
2786,2,11.674070217112082,-306689.0,162,0.0
2787,2,32.84698805445983,-306700.0,162,0.0
2788,2,33.67541919306926,-306720.0,162,0.0
2789,3,35.658519949907856,-306742.0,162,0.0
2793,2,36.0220436066597,-306766.0,162,0.0
2794,2,33.8317701555351,-306786.0,162,0.7
2795,2,31.345612064682072,-306806.0,162,2.5
2796,2,23.732772302205795,-306826.0,163,4.5
2797,2,23.735879747445587,-306846.0,163,6.5
2801,2,0.0,-306866.0,163,14.5
2802,2,0.0,-306886.0,163,16.5
2803,2,0.0,-306906.0,163,18.5
2804,2,0.0,-306926.0,163,20.5
2805,2,0.0,-306946.0,163,22.5
2809,2,0.0,-306966.0,163,30.5
2810,2,0.0,-306986.0,163,32.5
2811,2,0.0,-307006.0,163,34.5
2812,2,0.0,-307026.0,163,36.5
2813,2,0.0,-307046.0,163,38.5
2817,2,7.6325403242991,-307066.0,163,0.0
2818,3,29.479255109017647,-307090.0,163,0.0
2819,2,30.32372635334344,-307111.0,163,0.0
2820,3,35.497944025659265,-307133.0,163,0.0
2821,2,40.21449920839688,-307166.0,163,0.0
2825,2,37.25397554225055,-307186.0,163,0.0
2826,2,34.60170721136102,-307206.0,163,0.1
2827,2,34.41448816218332,-307226.0,163,1.6
2828,2,27.819613697364936,-307246.0,164,3.6
2832,2,0.0,-307266.0,164,11.6
2833,2,0.0,-307286.0,164,13.6
2834,2,0.0,-307306.0,164,15.6
2835,2,0.0,-307326.0,164,17.6
2836,2,0.0,-307346.0,164,19.6
2840,2,0.0,-307366.0,164,27.6
2841,2,0.0,-307386.0,164,29.6
2842,2,0.0,-307406.0,164,31.6
2843,2,0.0,-307426.0,164,33.6
2844,2,0.0,-307446.0,164,35.6
2848,2,1.8789528729743492,-307466.0,164,0.0
2849,2,7.200282121437706,-307486.0,164,0.0
2850,1,11.893662014527816,-307503.0,164,0.0
2851,1,16.936676115962314,-307513.0,164,0.0
2852,1,21.506626744798485,-307523.0,164,0.0
2856,2,29.889535488531617,-307544.0,164,0.0
2857,2,26.505048591300955,-307564.0,164,0.9
2858,2,25.19476760675981,-307584.0,164,2.3
2859,2,25.80098738635349,-307604.0,164,4.3
2860,2,20.75712952495578,-307624.0,164,6.3
2864,2,11.736512758815593,-307644.0,164,14.3
2865,2,0.0,-307664.0,164,16.3
2866,2,0.0,-307684.0,164,18.3
2867,2,0.0,-307704.0,164,20.3
2868,2,0.0,-307724.0,164,22.3
2872,2,0.0,-307744.0,164,30.3
2873,2,0.0,-307764.0,164,32.3
2874,2,0.0,-307784.0,164,34.3
2875,2,0.0,-307804.0,164,36.3
2876,2,0.0,-307824.0,164,38.3
2880,2,5.629704434692439,-307844.0,164,0.0
2881,2,24.08877512519534,-307863.0,164,0.0
2882,2,31.92030184596534,-307886.0,164,0.0
2883,2,30.28217131105403,-307906.0,164,0.0
2884,4,35.6890179493788,-307930.0,164,0.0
2888,2,35.9625351523831,-307952.0,164,0.0
2889,2,32.04857286826512,-307972.0,164,1.1
2890,2,32.04363890382252,-307992.0,164,3.1
2891,2,24.058126347419226,-308012.0,164,5.1
2892,2,23.99886341568979,-308032.0,164,7.1
2896,2,0.0,-308052.0,164,15.1
2897,2,0.0,-308072.0,164,17.1
2898,2,0.0,-308092.0,164,19.1
2899,2,0.0,-308112.0,164,21.1
2900,2,0.0,-308132.0,164,23.1
2904,2,0.0,-308152.0,164,31.1
2905,2,0.0,-308172.0,164,33.1
2906,2,0.0,-308192.0,164,35.1
2907,2,0.0,-308212.0,164,37.1
2911,2,0.8915097927654978,-308232.0,164,0.0
2912,2,8.68967760551162,-308252.0,164,0.0
2913,0,15.973720398464703,-308265.0,164,0.0
2914,2,34.73357263959602,-308279.0,164,0.0
2915,4,39.80990408443773,-308303.0,164,0.0
2919,1,38.08718540863412,-308337.0,164,0.0
2920,1,35.93011826051561,-308347.0,164,0.0
2921,1,35.22870592473854,-308357.0,164,0.4
2922,1,36.21072143366629,-308367.0,164,1.4
2923,1,34.751472538192985,-308377.0,164,2.4
2924,1,29.294780071017286,-308387.0,164,3.4
2928,1,0.0,-308397.0,164,7.4
2929,1,0.0,-308407.0,164,8.4
2930,1,0.0,-308417.0,164,9.4
2931,1,0.0,-308427.0,164,10.4
2932,1,0.0,-308437.0,164,11.4
2936,1,0.0,-308447.0,164,15.4
2937,1,0.0,-308457.0,164,16.4
2938,1,0.0,-308467.0,164,17.4
2939,1,0.0,-308477.0,164,18.4
2940,1,0.0,-308487.0,164,19.4
2944,1,8.203876202283007,-308497.0,164,0.0
2945,1,14.889951191786718,-308507.0,164,0.0
2946,0,22.27312621536016,-308507.0,164,0.0
2947,0,29.071027458047524,-308507.0,164,0.0
2951,0,47.81149446699769,-308507.0,164,0.0
2952,0,47.94846580066905,-308507.0,164,0.0
2953,0,48.23779590749089,-308507.0,164,0.0
2954,0,47.99339684139379,-308507.0,164,0.0
