step,cumulative_reward,queue_length
500,-2785.0,5.57
1000,-3062.0,0.554
1500,-4198.0,2.272
2000,-5519.0,2.642
2500,-6787.0,2.536
3000,-7836.0,2.098
3500,-7994.0,0.316
4000,-10108.0,4.228
4500,-10801.0,1.386
5000,-12496.0,3.39
5500,-13617.0,2.242
6000,-14426.0,1.618
6500,-15071.0,1.29
7000,-15744.0,1.346
7500,-18290.0,5.092
8000,-19168.0,1.756
8500,-20216.0,2.096
9000,-20617.0,0.802
9500,-21928.0,2.622
10000,-23195.0,2.534
10500,-2490.0,9.688715953307392
11000,-3005.0,1.03
11500,-3429.0,0.848
12000,-4821.0,2.784
12500,-6013.0,2.384
13000,-8021.0,4.016
13500,-8538.0,1.034
14000,-10346.0,3.616
14500,-11145.0,1.598
15000,-12093.0,1.896
15500,-13423.0,2.66
16000,-14489.0,2.132
16500,-15839.0,2.7
17000,-16102.0,0.526
17500,-17431.0,2.658
18000,-19871.0,4.88
18500,-20772.0,1.802
19000,-22180.0,2.816
19500,-23434.0,2.508
20000,-24312.0,1.756
20500,-2551.0,9.31021897810219
21000,-2999.0,0.896
21500,-3456.0,0.914
22000,-4732.0,2.552
22500,-5895.0,2.326
23000,-7736.0,3.682
23500,-8187.0,0.902
24000,-10025.0,3.676
24500,-10647.0,1.244
25000,-11672.0,2.05
25500,-13004.0,2.664
26000,-14159.0,2.31
26500,-15589.0,2.86
27000,-15944.0,0.71
27500,-16951.0,2.014
28000,-18912.0,3.922
28500,-19887.0,1.95
29000,-21535.0,3.296
29500,-22512.0,1.954
30000,-23558.0,2.092
30500,-2514.0,9.595419847328245
31000,-2991.0,0.954
31500,-3424.0,0.866
32000,-4706.0,2.564
32500,-5821.0,2.23
33000,-7687.0,3.732
33500,-8143.0,0.912
34000,-9971.0,3.656
34500,-10697.0,1.452
35000,-11662.0,1.93
35500,-13207.0,3.09
36000,-14238.0,2.062
36500,-15479.0,2.482
37000,-15723.0,0.488
37500,-17108.0,2.77
38000,-19432.0,4.648
38500,-20313.0,1.762
39000,-21688.0,2.75
39500,-22918.0,2.46
40000,-23777.0,1.718
40500,-2553.0,9.183453237410072
41000,-2993.0,0.88
41500,-3470.0,0.954
42000,-4620.0,2.3
42500,-5987.0,2.734
43000,-7558.0,3.142
43500,-8138.0,1.16
44000,-10259.0,4.242
44500,-11198.0,1.878
45000,-11418.0,0.44
45500,-12932.0,3.028
46000,-14020.0,2.176
46500,-15923.0,3.806
47000,-16512.0,1.178
47500,-17656.0,2.288
48000,-19173.0,3.034
48500,-19690.0,1.034
49000,-21207.0,3.034
49500,-22418.0,2.422
50000,-23798.0,2.76
50500,-2136.0,10.787878787878787
51000,-3034.0,1.796
51500,-3230.0,0.392
52000,-4442.0,2.424
52500,-5613.0,2.342
53000,-7228.0,3.23
53500,-7890.0,1.324
54000,-9285.0,2.79
54500,-10737.0,2.904
55000,-10872.0,0.27
55500,-12339.0,2.934
56000,-13631.0,2.584
56500,-15122.0,2.982
57000,-15954.0,1.664
57500,-16186.0,0.464
58000,-18672.0,4.972
58500,-18889.0,0.434
59000,-20060.0,2.342
59500,-21448.0,2.776
60000,-22645.0,2.394
60500,-1259.0,12.846938775510203
61000,-3000.0,3.482
61500,-3143.0,0.286
62000,-4318.0,2.35
62500,-5601.0,2.566
63000,-6719.0,2.236
63500,-7671.0,1.904
64000,-8078.0,0.814
64500,-10924.0,5.692
65000,-11222.0,0.596
65500,-12165.0,1.886
66000,-13785.0,3.24
66500,-14819.0,2.068
67000,-16018.0,2.398
67500,-16349.0,0.662
68000,-18740.0,4.782
68500,-19113.0,0.746
69000,-20042.0,1.858
69500,-21520.0,2.956
70000,-22537.0,2.034
70500,-23828.0,2.582
71000,-2687.0,5.766094420600858
71500,-3034.0,0.694
72000,-3900.0,1.732
72500,-5268.0,2.736
73000,-6156.0,1.776
73500,-7394.0,2.476
74000,-7768.0,0.748
74500,-10196.0,4.856
75000,-10547.0,0.702
75500,-11306.0,1.518
76000,-12697.0,2.782
76500,-13763.0,2.132
77000,-15220.0,2.914
77500,-15648.0,0.856
78000,-17993.0,4.69
78500,-18371.0,0.756
79000,-18819.0,0.896
79500,-20151.0,2.664
80000,-21283.0,2.264
80500,-22770.0,2.974
81000,-2567.0,7.527859237536657
81500,-2992.0,0.85
82000,-3652.0,1.32
82500,-5039.0,2.774
83000,-6259.0,2.44
83500,-7979.0,3.44
84000,-8409.0,0.86
84500,-10682.0,4.546
85000,-11078.0,0.792
85500,-11372.0,0.588
86000,-12654.0,2.564
86500,-13782.0,2.256
87000,-15628.0,3.692
87500,-16084.0,0.912
88000,-17817.0,3.466
88500,-18879.0,2.124
89000,-19073.0,0.388
89500,-20528.0,2.91
90000,-21618.0,2.18
90500,-23409.0,3.582
91000,-2340.0,10.042918454935622
91500,-2987.0,1.294
92000,-3382.0,0.79
92500,-4491.0,2.218
93000,-5660.0,2.338
93500,-6969.0,2.618
94000,-7715.0,1.492
94500,-9462.0,3.494
95000,-10870.0,2.816
95500,-11102.0,0.464
96000,-12412.0,2.62
96500,-13643.0,2.462
97000,-14856.0,2.426
97500,-15815.0,1.918
98000,-16718.0,1.806
98500,-18437.0,3.438
99000,-18817.0,0.76
99500,-20076.0,2.518
100000,-21360.0,2.568
100500,-22386.0,2.052
101000,-731.0,12.60344827586207
101500,-2918.0,4.374
102000,-3167.0,0.498
102500,-4390.0,2.446
103000,-5557.0,2.334
103500,-6499.0,1.884
104000,-7901.0,2.804
104500,-8573.0,1.344
105000,-10515.0,3.884
105500,-11195.0,1.36
106000,-12312.0,2.234
106500,-13606.0,2.588
107000,-14511.0,1.81
107500,-16059.0,3.096
108000,-17033.0,1.948
108500,-18961.0,3.856
109000,-20016.0,2.11
109500,-20981.0,1.93
110000,-21756.0,1.55
110500,-22978.0,2.444
111000,-960.0,12.8
111500,-2903.0,3.886
112000,-3033.0,0.26
112500,-4240.0,2.414
113000,-5313.0,2.146
113500,-6361.0,2.096
114000,-7721.0,2.72
114500,-8375.0,1.308
115000,-10304.0,3.858
115500,-10975.0,1.342
116000,-11828.0,1.706
116500,-12743.0,1.83
117000,-13480.0,1.474
117500,-14028.0,1.096
118000,-15136.0,2.216
118500,-17592.0,4.912
119000,-18361.0,1.538
119500,-19553.0,2.384
120000,-20305.0,1.504
120500,-21535.0,2.46
121000,-1168.0,12.835164835164836
121500,-2973.0,3.61
122000,-3141.0,0.336
122500,-4328.0,2.374
123000,-5690.0,2.724
123500,-6597.0,1.814
124000,-8104.0,3.014
124500,-8842.0,1.476
125000,-10941.0,4.198
125500,-11798.0,1.714
126000,-12609.0,1.622
126500,-13665.0,2.112
127000,-14382.0,1.434
127500,-14751.0,0.738
128000,-14917.0,0.332
128500,-17096.0,4.358
129000,-17402.0,0.612
129500,-18300.0,1.796
130000,-19679.0,2.758
130500,-20754.0,2.15
131000,-22123.0,2.738
131500,-2724.0,5.722689075630252
132000,-3205.0,0.962
132500,-4278.0,2.146
133000,-5528.0,2.5
133500,-6479.0,1.902
134000,-7961.0,2.964
134500,-8846.0,1.77
135000,-10854.0,4.016
135500,-11929.0,2.15
136000,-12865.0,1.872
136500,-13520.0,1.31
137000,-14485.0,1.93
137500,-14937.0,0.904
138000,-15914.0,1.954
138500,-18458.0,5.088
139000,-19061.0,1.206
139500,-20179.0,2.236
140000,-20718.0,1.078
140500,-22069.0,2.702
141000,-22809.0,1.48
141500,-2718.0,5.686192468619247
142000,-3103.0,0.77
142500,-4166.0,2.126
143000,-5417.0,2.502
143500,-6262.0,1.69
144000,-7610.0,2.696
144500,-8347.0,1.474
145000,-10160.0,3.626
145500,-11196.0,2.072
146000,-12187.0,1.982
146500,-12901.0,1.428
147000,-13773.0,1.744
147500,-15055.0,2.564
148000,-16260.0,2.41
148500,-18323.0,4.126
149000,-19376.0,2.106
149500,-20292.0,1.832
150000,-20851.0,1.118
150500,-22063.0,2.424
151000,-23393.0,2.66
151500,-2629.0,6.45945945945946
152000,-3043.0,0.828
152500,-3905.0,1.724
153000,-5128.0,2.446
153500,-6047.0,1.838
154000,-7587.0,3.08
154500,-8777.0,2.38
155000,-10729.0,3.904
155500,-11674.0,1.89
156000,-12492.0,1.636
156500,-12923.0,0.862
157000,-14126.0,2.406
157500,-14945.0,1.638
158000,-15413.0,0.936
158500,-17682.0,4.538
159000,-18126.0,0.888
159500,-18334.0,0.416
160000,-19651.0,2.634
160500,-20940.0,2.578
161000,-21749.0,1.618
161500,-2637.0,6.416058394160584
162000,-3559.0,1.844
162500,-4584.0,2.05
163000,-5443.0,1.718
163500,-6478.0,2.07
164000,-7456.0,1.956
164500,-7789.0,0.666
165000,-9980.0,4.382
165500,-10855.0,1.75
166000,-11566.0,1.422
166500,-11987.0,0.842
167000,-13262.0,2.55
167500,-14055.0,1.586
168000,-14402.0,0.694
168500,-16620.0,4.436
169000,-17191.0,1.142
169500,-17467.0,0.552
170000,-18810.0,2.686
170500,-19993.0,2.366
171000,-20861.0,1.736
171500,-2663.0,6.28066037735849
172000,-3319.0,1.312
172500,-4246.0,1.854
173000,-5152.0,1.812
173500,-5964.0,1.624
174000,-6458.0,0.988
174500,-6824.0,0.732
175000,-9015.0,4.382
175500,-9920.0,1.81
176000,-10825.0,1.81
176500,-11381.0,1.112
177000,-12739.0,2.716
177500,-13938.0,2.398
178000,-14464.0,1.052
178500,-16330.0,3.732
179000,-17032.0,1.404
179500,-17803.0,1.542
180000,-18636.0,1.666
180500,-19924.0,2.576
181000,-20680.0,1.512
181500,-2647.0,6.362980769230769
182000,-3503.0,1.712
182500,-4643.0,2.28
183000,-5653.0,2.02
183500,-6667.0,2.028
184000,-7553.0,1.772
184500,-7877.0,0.648
185000,-10702.0,5.65
185500,-11424.0,1.444
186000,-12041.0,1.234
186500,-12472.0,0.862
187000,-13902.0,2.86
187500,-14785.0,1.766
188000,-15433.0,1.296
188500,-17477.0,4.088
189000,-18121.0,1.288
189500,-19300.0,2.358
190000,-20561.0,2.522
190500,-21601.0,2.08
191000,-22988.0,2.774
191500,-2567.0,7.48396501457726
192000,-3261.0,1.388
192500,-4135.0,1.748
193000,-4844.0,1.418
193500,-5961.0,2.234
194000,-6993.0,2.064
194500,-7350.0,0.714
195000,-9348.0,3.996
195500,-10023.0,1.35
196000,-10551.0,1.056
196500,-11234.0,1.366
197000,-12515.0,2.562
197500,-13902.0,2.774
198000,-14796.0,1.788
198500,-16485.0,3.378
199000,-17718.0,2.466
199500,-18577.0,1.718
200000,-19589.0,2.024
200500,-20615.0,2.052
201000,-22282.0,3.334
